x1,x2,x3,y
0.17519706578780614,-0.1605128906808062,0.7299023121901824,0.5143325924978626
-0.042262245354580674,1.0,0.921556112617776,11.58767550875136
1.0,-1.0,0.1300224762308122,-8.33845676920485
-1.0,-0.4400586287777255,-1.0,6.805547917458813
0.8689675404214028,1.0,-1.0,22.51645137442104
1.0,-0.326346602907865,0.7773934863503,6.659397924710248
0.1782118706229323,0.09001902760541136,-0.5859971738319198,1.4420023286911354
-0.20461691283216576,-0.277099518241662,0.9949272356552292,0.29746153003074643
-1.0,0.3813307340051817,-0.23172375950420365,-3.0538124917422698
-0.21473074355043043,-0.11598038121916421,-0.5324809386895375,1.3671330352579791
-1.0,-1.0,0.39679388935574544,11.287352100561215
0.033257854419087796,-0.14473842036402806,-0.22248886627972908,0.8338579561538102
0.14210663521455436,-0.39365469175935264,-1.0,-5.404033064790208
-1.0,1.0,-1.0,21.546087535138742
0.9452528980789923,0.31288164364412685,-1.0,7.428033330883632
-0.6088247094677812,-0.12497466085357956,-0.14345295294331883,-0.625693389429826
1.0,0.13746581146084158,-1.0,9.6129655596632
0.6436027007515202,-1.0,-0.4617899309140796,-3.5890205221154385
-0.7808829794671783,-0.3130004897123959,-0.1738610235483944,-0.7062636107388849
0.29679551499869294,0.8376348834091918,0.4882400278948549,3.1838164908209605
0.945489630930737,-0.9837347957266205,0.10214885416209918,-5.4160135380607155
0.8793211196835631,0.786879935668023,-0.2819088061294803,4.9418057104715265
0.4556122104327289,-0.2483724529850695,0.9117817945977409,-0.6994858943475013
-1.0,0.9741982084991954,0.09912164050457473,5.0566422971360865
0.02098837748770732,1.0,1.0,11.895725138510796
-0.06908528461675223,0.2471787887857062,-0.14319204437558186,-0.2000424137880369
0.22911349008573745,-0.15874909754139543,-1.0,-4.099322837968161
-0.1521819890320375,0.26274387318089487,0.3210356933490983,-0.2988865347850101
0.1532016611501712,0.012768374049081377,-0.13451572766590258,0.6046431568404369
1.0,-0.6588213151575211,0.4016834752187204,2.5364164671703167
0.5492095174422349,1.0,-0.029599577037230818,7.691878790202953
0.03486327423841451,0.1910190309315949,-1.0,-2.612097609863569
-0.5015869059613511,0.6854163954404082,1.0,7.165211347642345
0.8963679662345039,-1.0,0.2121691498497369,-4.703283327130812
1.0,0.13221980075592943,-0.025321513487634784,5.032424799408226
-0.4646165621008036,1.0,-0.4762863425527746,6.654951869755181
-0.8284523060469458,-1.0,-0.0848691355122595,6.045459589005292
-0.5249403812396132,-0.30550025877005105,-1.0,-1.231173317362994
-0.0547684638608541,-1.0,-0.4253171288036255,1.3566861492034838
0.07351724890143863,-0.16246936445600646,-0.1655703816752545,1.2722972262300007
0.5554533790515785,-0.7677717881791808,1.0,-3.7399463079429
0.6781036015342683,0.3664438261369125,0.528774636869197,2.978924184852383
-0.4797933705476727,0.16980438794551778,0.9249963061876185,1.9742680977043952
-0.509442233474737,1.0,-0.2775260040356853,5.7398089016771126
-0.885561115077607,1.0,1.0,16.01709707123293
-0.8106368620448539,-0.1695649919224198,0.6112439499769684,-0.9307811637661104
-0.32885000709507817,-0.20167521508176067,1.0,0.8591495339170203
-0.2936011863339738,-0.24115482490516205,0.8005876705426958,0.4168474937834195
0.37629476044414134,-0.09079490554722747,-0.0361814005370491,0.5632038894522352
-0.713054010550038,0.06414042170810119,-1.0,2.9949698833593925
-0.847033639180987,-0.5789281640473272,-0.8162075389126782,1.3634795641426884
0.36977724371396214,0.5075975816060458,-0.3823903881239934,0.7551988675198648
-1.0,1.0,-0.059128687359817356,8.374337172989396
1.0,-0.23410869117486466,-0.2863469391010163,3.8196840278792914
0.8806701933052978,0.5255389259920336,-1.0,5.513574485522583
0.17478190864869347,-1.0,-0.49998498212851894,-1.1590606644094317
-0.9381285036435372,-0.4955915914382041,-0.16082510540913075,-0.4939361426361857
-1.0,-0.5413699259526596,0.311314303245918,-0.3696023389509183
0.600273072274738,-0.4985966128966801,-0.37991160006747093,1.2458209796916684
-0.7410287638379198,0.7525693473459627,-0.39487930110946956,-1.8967722083443443
0.010105536534450232,0.6452312881714366,1.0,5.640922206640839
0.3661759979940673,-0.973423128353055,-0.3574987552515223,-0.04462223092487211
-0.19240743995612508,-0.14498961128368393,-0.3983640326100921,1.1895295835269888
0.5134193795185318,0.8949110107242244,-0.20440850675497124,5.099076472726254
-0.03862909470025899,0.4588707741091169,0.2091547920430159,0.3127153568697043
-1.0,0.13864889583924356,-0.400217232109809,-2.814004826507825
-0.3690466960120562,-0.22188878419062474,-1.0,-1.477315720589801
-0.7999568671144504,0.9795612344648699,-1.0,3.132786772785751
0.69242889631925,0.6509257771817021,-1.0,-0.007647143571766879
0.0498190011139068,-0.6227760274990499,0.6008696386227477,0.6604084537838644
0.5793918519890067,-0.9445791941960628,0.42350440325978167,0.08579931193017042
-1.0,1.0,-1.0,20.875327829168736
-0.38274100294130275,1.0,0.8604750979289346,10.839722110087687
-1.0,-0.7922227122526311,-0.2648024384613312,2.682793814389713
0.5180436834719144,0.9327020332969798,0.40603613468957245,4.743274468024693
-0.17709980634638844,0.08994908588321904,0.34421267492531893,0.588178378717571
-0.34572804932070333,1.0,0.706515363132217,8.347524001411326
1.0,0.14806790514850143,-1.0,9.235914225369326
-0.6799580827921916,0.6944917152974177,-0.03109011611113255,-1.211939876345248
0.0268520618595407,-0.87552595922332,-1.0,-11.682247215327203
-0.1560298187538005,-1.0,0.28530129396730963,2.498976188365156
-0.996088027943413,0.6160719096838672,0.6931367313342145,-3.743864727869283
-0.09221753152366463,0.39523744010554296,1.0,3.1878865815926103
0.3430243049391939,-1.0,-1.0,-20.013701070584
0.9322178566030814,-0.783121848030522,-0.13555285824447472,0.42468582047129966
0.7950493253816493,1.0,0.0818184416415122,8.908994937869746
-1.0,-0.7224985219803151,-0.4319794062874387,1.160683753406473
0.7036373180424846,-0.10395849993813044,-0.6019958288736189,1.5833210912881746
0.7321100511586163,0.4915724306238578,-1.0,-0.2907512851646765
0.16070931718353676,0.18808645359652476,-1.0,-3.0877709180000927
0.09871766717456043,-1.0,-0.9469874531741325,-14.153144822571091
1.0,-0.2857937667339856,1.0,7.283781801567363
0.9213228497935149,-0.04379091996755324,-0.5776558478302287,4.4403461926965315
-0.8234488325068585,0.681501411437335,0.5935813474908658,-2.559808097210134
0.3587381118681128,0.3049077573493817,-1.0,-3.0923327267433165
-1.0,-1.0,0.8102751532755721,17.617011788093674
1.0,-0.3319609249972868,-0.22343131394623716,4.542896283836145
-0.10737822785700768,-0.12346530538001299,0.04980667406751893,0.1859918111094141
-1.0,-0.5990704476937585,-0.07846522846996917,-0.703765793330574
0.8192997315582338,0.2884338475253261,-0.6081713212046493,2.0521099426456493
-1.0,-0.02779617373400689,1.0,3.5052673163883887
-0.7984626641842254,0.18177465830216488,-1.0,5.641156950368778
-0.13281763361301313,0.8875039224612882,-0.40574900037209294,3.3547970808788095
-0.5202346078576845,-0.643652173604941,0.5497162671903228,0.8514283482455266
1.0,0.5433699875284279,1.0,23.85398526171594
-1.0,-0.5371515123389641,1.0,8.732622805682915
0.7832708245034927,0.2028087392183735,1.0,6.0553052383777235
0.09910869344676532,-0.2916363024182529,1.0,-1.6502694478678837
-1.0,-1.0,0.2560862851605681,10.216222761393194
0.7809692423970762,0.6292788994280483,0.5819393395766919,5.033121337351087
0.00891766894217505,0.4762391666998935,-0.8411367100279277,-0.9713689838176921
0.626357741024548,-0.8707747667513268,0.9497535797335319,-4.0319441803196945
-1.0,1.0,0.3645724318411123,3.041343333055324
0.8747994136831603,0.15607794331043756,-1.0,3.28853682806935
-0.8388197407700155,0.5554043818541436,-0.13781073478088657,-2.03665027966785
0.7447040167369523,-0.7953273490919326,0.2889924678536777,-0.06307955289386197
-1.0,-0.2193739059277633,-1.0,8.578050095092816
0.48436614580434867,0.5035351014029741,0.16031770117958466,1.209441112795824
1.0,0.09173155786863618,-0.7178916414358825,6.126690938720919
-1.0,1.0,0.06102453480007064,6.703386285891168
0.5341345323850222,-0.9672732676519538,0.21980786387777695,0.2029997695836431
0.632955416499694,-0.6675198759116217,1.0,-3.879390451046038
-0.8446548964470961,-0.11506999485266478,0.8945842095540701,1.9652845205191336
-1.0,0.014587081527873913,-1.0,10.901950856276988
-0.8710421187099007,0.5144518418748805,0.16705622929597808,-4.068267674303692
0.4490119436195821,-1.0,0.3595345503464471,0.4910003736020365
-0.6109661653288807,-0.9746634899093367,-0.74611647817289,-1.6377138751253264
-0.08849392483116314,1.0,1.0,13.821661614286088
-0.8447908065283916,-0.03426358137084651,-0.04863404332535559,-1.5529978730744134
-0.5208632944573777,0.21184615843595656,0.00705876627728963,-1.3304123128216128
1.0,0.4311108828982422,0.9302185496722137,17.383307480027092
0.4773314358472909,-0.2142832578660574,-0.15653122758241733,1.1404800183681338
-0.666334577839722,-0.17370104338762138,-0.7367837586104193,0.3136734130708908
-0.6903104792367627,1.0,-0.8280098819917514,1.9095796901216184
-0.4728390706665595,0.07770743010154124,0.7863689984583551,-0.04885017366880598
0.4435185420508079,0.09006443296375455,-0.7408011538703958,0.3298641546652856
-1.0,-0.7730004893129316,0.15373646499046933,2.9754872635831764
-0.22143087718521204,-0.45575148120437037,0.9044041930920281,-0.84868631958466
0.7115430035425554,1.0,-0.7131932032645893,13.463628990311063
-0.18798424134578173,-1.0,-0.17145670298365556,2.439624320780906
-0.20761803814049506,0.8198356775546196,1.0,7.928858280476353
-0.19017592714947762,-0.5899475511032235,0.024963920393241246,0.18570185325756383
-1.0,-1.0,1.0,22.242345004770783
-0.30899343385089706,-0.8953623036090628,1.0,-2.655025555362391
-0.6575270759965592,-1.0,0.1751643329364203,5.688566792348061
-0.9237434295754352,1.0,-0.19894981729034034,6.637742841337656
-0.1453280861739099,-0.005254714235144675,1.0,1.2026787850540885
-0.005816847635607525,-0.09436754414993742,0.7591325106066509,-0.09282026587604575
0.8897282663816963,-0.08243548002269652,0.35889400805323013,4.439284959593431
-0.37585692671288706,-1.0,0.7410981710862525,-0.00014839933420354723
-0.3090485720715339,-1.0,-0.9979108331846807,-14.365121991788456
0.5793038090921083,1.0,-0.2549631034068356,9.672512164034679
0.5213281069202387,0.7520394980866061,0.9752914987478556,6.2286396914454425
-0.5878412690683084,-0.012139808969707122,-0.5536332992843116,-0.3893376252413971
0.05670060101600494,0.6885695278345305,-1.0,-4.107687631242799
-0.5636104585696509,-1.0,-1.0,-10.252067704016612
0.7241665554727446,-1.0,-0.04779005890456656,-2.5835338735045226
-1.0,0.36387988123124404,1.0,4.539512314236245
-0.509894139848617,-0.8999087679822118,1.0,-0.7283063962451658
0.7244017082433658,-0.7160114942729923,-0.2928776679411811,1.0116988820772277
-0.8978337028134078,-0.05039602344457417,-0.865863099366122,3.721061167801842
1.0,0.18823413316061077,-1.0,9.426287602013161
-1.0,0.512214170245697,-0.8722665303545485,10.303727694691535
0.6747634526802897,-1.0,-0.6035504600054991,-5.171065157467646
0.3304197383217178,-0.6152033175478147,0.03134975963000186,1.6163818957424152
0.48524069848030904,0.7790782528915285,0.2044086722241043,2.826621037676587
0.35989105639277796,0.34453207578905687,0.16110716734525155,0.7732166386871997
1.0,1.0,0.670097579200426,15.179951678316566
-0.5290244121614645,-1.0,1.0,-1.9915639261925766
0.784270540443242,0.2144321119562942,-1.0,0.7145664937096018
-0.18643968560546464,-0.32922006540584925,-0.8852157914833352,-1.5559903332283918
0.1366224548713526,-1.0,0.13754137327464555,1.6619909765978993
0.03278141891909603,0.5401896133275035,0.8187002479372931,1.7483418746261268
0.39188874182711064,-0.17004621820714916,1.0,-1.5919120335246653
0.1505353263300333,-0.3465553536136712,1.0,-1.8764011519322328
-0.7525113822348368,1.0,0.330237000552833,2.7837374922817175
0.016554741189780398,-0.04658308891310736,1.0,-0.39984084992780083
-1.0,-0.6479223402959498,1.0,11.963435606311185
-0.08304079418178878,-0.20995570883651138,-0.0780318615897937,0.11153990189928531
1.0,1.0,-0.8343293832341157,31.68264234565312
0.8865629397951729,0.4555618784928728,-0.029565021706910333,3.1909370157559107
1.0,0.24406792135642275,0.6686930243385163,9.239893761048718
0.5282425953794081,0.09432713940322746,-0.2049213306484119,1.5797458188644218
-0.18229261772436778,0.6074034118776761,-1.0,-3.746143845639021
0.5973605759692031,0.338268024187415,-0.19764572968930527,0.8569078119054225
-0.9949023073701868,-0.5349114470229577,-1.0,5.010560481653987
0.21158019323852306,1.0,1.0,10.00493629320283
0.27027994977757563,-1.0,0.06828071052305651,2.012396050147575
-1.0,0.22390306771894974,0.1218497067178852,-4.563960101878074
0.25216225492634137,-1.0,0.4609916350632359,0.19379102018866984
0.5662135969364923,-0.3976745903124186,-1.0,-5.04093902264184
-0.3892155479372488,-0.3458694962185991,0.032178523710086226,0.8752638155433388
-0.10581857838873265,-0.9198406593499049,0.6605335688173797,0.09109543348309684
-0.9573273351048674,0.4659114538471991,0.29621415287635355,-4.905292966525132
0.6948694429610922,1.0,0.12045035577545815,7.462961544271761
0.2989776517328,-0.6415222515979768,-0.7524536248395859,-0.6688964441942495
0.3616769215848554,0.8237664387544148,-1.0,-2.1049102835316185
1.0,-0.44952729876662234,-0.7695721368857706,6.281598051242593
-0.6417401096685453,-0.22022298225987025,0.40373774564158493,-0.7247805555038984
0.051193470048525036,0.0586991569242048,0.4245274501113381,0.6866356677109697
-0.3139636525627314,-0.4597476529241402,0.8453758182242188,0.4171055947231969
1.0,1.0,-0.13940908556062204,15.77963901755272
-0.916400571375837,-0.20098936268481693,0.668549284595789,-0.3074388147407812
-0.9804759856245868,0.6904542112865568,1.0,7.442909576690276
0.21750541256597522,-0.46657574969633453,-0.5498073738072007,1.1951405405484798
0.2796826412574398,-1.0,0.39562259813229006,0.737031521659032
-1.0,-0.09785274734562344,-1.0,9.990017607313275
-0.13455256172606989,-0.40339336762978917,-0.9026683127730861,-2.093080759610082
-0.2055948697881178,-0.8207262563721571,-0.38642037617455727,0.8500313284639044
1.0,1.0,-0.8235413001690812,30.20493488541515
-0.005632018352180523,0.08033004173168123,-1.0,-3.199625036638193
-0.8477623298536425,1.0,-0.5719842458789135,5.26483150414014
-0.028577443107547174,1.0,1.0,13.013629949761297
-0.05209046518542948,-1.0,0.7581845337087081,-0.9853677147208291
-0.47009036318784836,0.05765549090902056,-0.947248837120398,-1.1691433669040132
-0.5953729874565279,0.3398643337230367,0.1446409373333042,-1.9642119211300275
-0.3384691170000187,-0.10948432791694995,0.2397630217093929,0.26057284372513
-0.548100982971649,-0.33519938426295237,0.013798276944574805,0.7834422769295685
-0.39859663931658273,-0.8653069013081078,-1.0,-8.24734492967798
-0.2132703148299584,0.950342622005544,-0.47375626316990194,6.082973687051826
1.0,-0.11451378699604109,1.0,10.07565954669853
-0.32875528242401475,-0.5323136478821058,-0.14398547020375996,0.8369747671059735
-1.0,0.9570223206481079,0.5879554322143139,0.024881657127652425
1.0,-0.5932358548254948,0.589707559432846,3.8176159580124884
0.8633727058916878,-0.4824412023169298,-0.0933084633023391,1.2546814034435811
0.3386847541946463,0.5421262413989023,-0.0429722687468288,1.3839860663264458
-0.8682480598005624,1.0,-0.7022790909165326,5.450159653874666
0.07689666698455166,0.9355183968885235,-0.4406720415592802,5.7711770672164935
-0.35989236654910983,-0.8290230514796717,-0.6402508622935965,0.3283951117644364
0.25843089506756156,-0.7879155742432227,-0.6346660270000746,0.14807256092541204
-0.7267015312581224,-0.5666123681000055,-0.20375969819937523,1.5916387530665848
0.16506193304184857,-0.8085615182207759,0.06387372557240578,1.6726314216234472
0.36875903912136443,1.0,0.39018685754882876,6.49566901352462
-0.726114210376315,0.1993162088023741,1.0,1.9075972622770774
-1.0,-0.7243555221359159,0.7622763341830192,8.014645100802213
-1.0,0.13104238332073992,1.0,4.190129522446921
0.45574067070616864,-0.10836388215854598,0.5076805279179977,1.4030174869286265
0.1799557851606064,-0.7678046188188874,-1.0,-10.24757097789278
1.0,-1.0,1.0,-10.008734567523069
-1.0,0.2934525459044568,1.0,2.669811928307177
1.0,-1.0,-0.20315254479495515,-9.212125111246891
-1.0,-0.7972979707514447,1.0,16.886119090820575
-0.7031790804072475,-0.5810382246334631,-0.2612176785695264,1.5771944409214267
1.0,0.7886924665246551,1.0,26.416650156706833
-1.0,-0.4272635217027678,0.7785674214411002,2.881705918187708
0.20178943079942568,-0.9247321876658223,-0.1471127171438038,2.0120408151172264
1.0,-0.2506544681999787,-0.02788922028368379,4.475961845072049
0.2181032522818489,0.4898388204563673,-0.11567167882909368,0.062498120963750736
-1.0,1.0,0.18164968612742372,4.858730900215853
-0.7288651234358214,-0.19629523543559646,-0.08830463849574355,-0.48596083105409654
0.8454952223626295,-1.0,-1.0,-28.300625985662958
0.6570523565842663,-0.7668802318458634,0.9706781932245911,-3.896611865392577
1.0,-1.0,-0.07410873682133357,-8.118212503852762
0.753975560829363,-0.9733604467254573,1.0,-6.216306048242264
0.12411348601023664,0.6818361085334101,0.8178503333772176,2.3671660647371517
0.3745442535089114,1.0,-1.0,5.834513430488327
-0.47541017158261534,0.3646466601963463,-1.0,-1.988478060774245
-0.6347699908205904,-0.0728166244860855,0.5225306849311668,0.031071298263501967
-0.18312420998862367,1.0,-0.29831673951330395,8.69682025025977
0.004428440524943067,0.19028173080611444,1.0,1.0460971388250928
-0.24905733199672264,-1.0,1.0,-5.324316670627011
-0.18441805389115218,-1.0,0.6016236683611496,0.30677096026005435
0.6678897139614159,0.18802011140993158,1.0,2.578323842580235
-1.0,1.0,0.7951030195816124,3.677921076987392
0.6026949145786344,-0.2598223804800206,1.0,-2.149130738174819
0.2749155704478281,-0.6816236699167946,0.2548897885435857,1.1693581298795936
-1.0,1.0,0.6186753292282834,0.8196791774786949
0.33265044295771706,0.9415258917084133,-1.0,0.8738281373564267
-0.11604090416892299,-0.3956145281181065,0.08314114305343767,0.7740249980359628
-0.2991815344815343,1.0,-0.520572417069797,8.17324792581391
0.7632755182079856,0.3404144725780207,0.7124559940547099,3.5934354319920288
-0.8565956072941743,-0.4992375809603886,-0.12168365270898196,1.0493114179173249
0.24385351733907012,1.0,0.009028547199777526,7.481142657452788
0.6406766344498571,-0.6262699595388592,-1.0,-7.643655010545123
0.406648398440113,-0.9588220155347966,0.7957572845307508,-2.1532411069404804
0.33051359493476773,0.7387804814516203,-0.6158574459413215,2.5120285455207565
-0.6255084274774125,-0.683816862367497,-0.6170372400512065,0.42124834261761523
1.0,0.09122743094196761,0.10929921908735118,4.856671294304624
-0.31169414852901767,1.0,-1.0,1.9097651157019437
-1.0,-0.19888453669057782,0.6142142235531844,-2.4575533260446685
-0.4879320327542007,-0.07553723351189423,1.0,1.255511089678502
0.5128445795083347,-0.13030146343746973,0.4934725441077179,1.150729462412825
0.10827114812189387,0.9106048690225004,-0.5251311243718177,5.175146440032705
-0.17670785504677378,0.4848555747269099,-0.5376100065519112,0.2402951018843998
-0.20458195909168753,-0.006740936622555704,-1.0,-2.109869296862959
-0.22798009496672234,0.3535826633603796,1.0,2.7191064087765695
1.0,0.09942352076933214,1.0,13.575192652585056
0.15329365386913363,-0.9024060490000019,-0.3389794926659493,1.8088501737444214
-1.0,-1.0,0.7904214703472003,16.94089208695217
-0.3066633328893742,-0.31738779621613733,-0.16948828967407126,0.6451487501431348
-0.34765486012038127,0.6059556031338575,0.2589539432751571,-1.0220326280310201
-0.045824678066595625,0.24706094517523947,1.0,0.9418745958555467
-1.0,0.13401784842032094,-1.0,12.416620655410401
-0.11474723821929533,0.016962556702223575,-0.033462425486894265,0.5887506950008714
-0.46248271633932125,-0.4465100401755182,0.805170828277938,0.6042796398572554
0.17531622947904713,-0.8304973191878526,-1.0,-11.056911486681207
0.5904700285720077,-1.0,-0.23564264776649035,-1.7620988279314203
0.9958007150993955,0.1988676485944605,-0.17630421301448718,4.3974799200947166
-1.0,0.7644081415453265,-0.015114848259350389,0.1162532523556096
0.3477790886639367,-0.0398871572547268,0.6870528690652178,1.0825275395174343
1.0,-0.10892044458841577,-0.25155703471200663,3.532772484069876
0.3119030728646659,0.9804086258808644,-0.9468549511227489,7.015649205018503
-0.47886575470009274,0.5555702494489319,-0.001035964103892617,-0.9101792143280134
0.45830350924231467,-0.796452437779418,0.8006756136723643,-1.3765329887530655
0.3773583713273525,-1.0,0.24639920406414384,-0.05949936411044243
-1.0,0.7144609710303877,0.6310848829978377,-3.351367927166085
-0.020809905678617957,-0.6941835569347599,0.356656719905283,1.113239160822705
-0.4516845158890659,1.0,0.554132220167324,5.881893870779571
0.37820601989889346,0.17320780092069032,0.3197855505929219,0.9150432234554429
0.4996623943496934,-0.9034265271207966,-0.3886803673281076,0.788527601328926
-0.13246438748088085,0.27069545799016326,-0.19355462077552166,0.6017656980423763
-0.012567825304475644,-0.5155068822733635,-0.8135327364659135,-0.9007727940300231
-0.7828804208856086,-1.0,-0.21776662647411515,4.759057575615967
0.07637503587358152,1.0,-0.31653296041066836,9.853503605667425
1.0,-0.21883166894724648,1.0,8.888417251490793
1.0,0.041881832638450245,0.2107289322310073,5.048498687308455
-1.0,0.14389402725238942,1.0,3.0409785123905078
0.5399596584644732,0.8768949276439351,-0.48071194839549647,4.719932617300799
0.6252145032598444,-0.9298841107990801,-0.9045540263444751,-11.664891789999235
-0.12669309463700906,-0.13900950172496462,-0.4589667623408804,1.4602612833413067
-1.0,-0.3744382020483863,0.7826177072396661,2.1269434258769304
0.9288260227853169,-1.0,-0.7109316789054856,-13.381719307099948
-1.0,0.44122477533316884,-1.0,17.54945407010463
0.32563466073908254,0.7842951003169323,1.0,6.845020743947474
0.11133913658372774,0.19337897912559554,-0.789767818696754,-0.41443977847158725
-1.0,-0.053162179208039895,-0.3052347999325997,-3.0504508652495286
-0.7963969824461659,1.0,-0.8460960616289117,4.002386427417591
0.09559993906386444,-0.31772430566049126,-1.0,-4.247452436996198
0.5420447520893135,0.24666749181621794,0.4459696414621186,1.5664690201914748
-0.10688416160928282,-1.0,0.7520093165212007,-0.8923910053995019
0.14130602343854193,0.20276530353484468,1.0,0.5494809180628915
-0.5455009701732116,0.10538684720627867,1.0,2.082118702101861
0.6620555725844761,1.0,0.8772923116974536,10.41835317317081
0.18013965554339806,0.472357653090002,-0.3503193913302305,0.772961470550895
0.0755883574765186,-1.0,0.2771471146108291,2.092795032692335
-0.12581050898543844,0.1965826267278794,0.16135039885405922,0.28527172721269023
0.296310947909612,-0.022363416575998718,1.0,0.25303801506935086
-0.8746377364109443,0.8142812923050693,0.1790122978314781,-1.6771438897547264
-0.048172841008342626,1.0,1.0,13.659789666893442
0.42016848141057395,0.6420647978210874,-0.8971800747340417,-0.8776543815327729
0.10744453697461576,-0.49354738623489913,0.6714792983295164,0.12103152537132493
1.0,-0.11571645422211341,-0.6059054117837273,5.779725310940232
-0.4072301867927621,0.8205415028406475,0.31948547007980177,1.206921139081603
0.023163346288414877,-0.7732290529533532,0.46688324149789073,1.14764678217982
-1.0,1.0,0.42724178199986795,2.469390861598897
1.0,-0.47083417974958697,1.0,4.889323381086713
-0.26309428407956803,-0.56833133646135,-0.21642643871463885,1.0922573080674955
0.9901290413702886,-0.6088252050355891,0.6529177834592932,4.460464564162962
-1.0,1.0,-0.5831166119117666,12.607008823357647
-0.5669100468261596,0.3884318919355749,-1.0,-1.182113622427036
0.5707617528549647,-1.0,0.6434055403334262,-1.1693622575473812
-0.6231337045677672,0.20643411299728998,-0.762221103544692,0.5714377950908542
1.0,-0.33209035822011446,-1.0,4.4929197309394535
0.2593376775367886,-1.0,0.46460291295310663,0.49487728123789704
0.2374573730126308,0.2941290032275168,1.0,2.011993908309352
-1.0,-1.0,0.027627161578516413,7.8863977286174
0.8976768538596709,-1.0,1.0,-7.652167071036337
-1.0,-1.0,-0.9745438221818861,2.5770392534120385
0.5353166544614332,-0.10129367756765384,0.1443197696943257,0.828436895171826
0.047568220307591336,0.38883326132996343,-1.0,-4.026246468364911
0.3503119126117802,0.7862820115701881,0.19082439531262585,2.554791776534746
-0.2906850149356559,-0.6221721804909184,0.6491950838228002,0.7484882506022328
-0.6711144219748657,0.2426962199647298,-0.25470494243012487,-1.0988507221698431
-0.018280848157797402,-0.5229732435089764,0.5337585044118414,0.4139535092435605
-1.0,-0.9786303515065895,-0.3767497133215043,6.290004718580505
0.6788431892298392,0.812687348001019,0.7154776640324081,5.3449504728412816
0.5358790623320453,0.6874591225398179,1.0,6.337585318814849
0.42971049223425517,-0.24689109152299338,0.6857625024259104,0.7000318384257683
-0.3743850510344673,0.24784226050345382,-0.8834482243801318,-0.47911155997676025
-0.20842078756195792,0.6807998772435393,-1.0,-4.7639847927122885
-0.24749327534715992,-0.6874530535036731,-0.9927632523007841,-6.4741897109239535
0.4839153972063177,0.7909541387092771,0.1901183529893562,2.7935465760760922
-1.0,0.7119780668178501,-0.7730674887923787,8.78248502474673
-1.0,-1.0,0.5172912904725477,12.756282040755105
0.17176025628968472,1.0,-0.6229783782003875,10.964250841950362
0.4412167819308246,0.4171707349863212,-0.06314007044185099,0.37871486360899964
-0.3431402007909674,-1.0,-0.9275636819097306,-10.507633289366032
0.8362305795691904,-0.7687309367499315,-1.0,-11.179234304523709
1.0,-1.0,-0.6886847876964155,-13.759408090028474
0.8712337578415734,-0.6042470670479094,0.6897547478682622,1.9701194429361233
-1.0,1.0,-1.0,21.49416043835721
-1.0,-0.37153463572257817,-1.0,6.633288272122941
-1.0,1.0,-0.8889635814278452,16.584822725827962
0.11167661857826361,0.46889336163974416,0.16491733623024873,1.0278069656559552
0.019330372904365012,-0.5301988048967505,-1.0,-7.0228226200860835
-1.0,-1.0,-0.8471703811838931,3.0994997802010547
-0.5319863960207367,-0.8387779856873054,0.32510454774162123,2.292893946301353
0.4605513737476916,0.6368600717483353,0.34739325531068177,1.8780698921699792
-0.493392173384424,-0.28167918302312156,0.6640899523126174,0.8481964724354268
1.0,0.4041827321120357,-0.1247986059009889,5.200223777440671
-0.38218995379885357,-0.5536521304872806,-1.0,-3.970673258669696
-1.0,-0.14786338961168632,0.5797074945334231,-2.8314369867747042
1.0,-0.21140960776912054,1.0,9.260454572714247
1.0,-1.0,-0.2769321263546458,-9.681780712105446
-0.8110579077441136,-0.0948541358600854,0.03355259189633997,-0.8852075384480678
-0.036564142341271255,-0.765940481109965,-0.3081955019915532,1.909859641637925
-1.0,0.9348838027800279,-1.0,20.686344919398376
-0.48175446720672443,-0.711819967113215,1.0,1.0396764023866867
-0.11640356631593574,-0.5327302110815997,-1.0,-5.49786160643409
1.0,-0.449210878144531,0.7204162539977308,5.856196601038488
0.12633679732419867,-0.8133911670723586,0.39740879950208896,1.2608268412209445
0.7444721988833669,-0.9850437547307875,0.43547841252173103,-2.135549850338294
-1.0,0.6648363966622388,-0.5535646161523478,3.219294887266107
-0.21838705328001162,-0.8069608654238682,-0.9579310560195138,-5.691476745366572
-0.7164640874933919,-0.9463400384998897,-0.3205768858654048,4.391671181025084
0.032907749623401816,0.3866034854641649,1.0,3.1363602737679392
0.43946997281842615,-1.0,0.6251990264535274,-1.212026661916601
0.6097700988009263,-1.0,1.0,-6.94719628366618
0.5720770259067631,-0.5139254926244794,-0.9948670967191244,-6.157247498450216
-0.26354107405550353,0.11075576579183233,-0.09086968294543207,-0.3237435468576418
1.0,1.0,0.5685434722651093,14.786267834968948
-0.4395806499779633,-0.14367405193342409,1.0,0.3487559999896346
-0.2186749521997693,0.12798958735871913,-0.6005816142851386,-0.04866585387197009
0.3185051026214043,0.21049905252121404,0.07335314565336248,0.5945173619783302
-1.0,0.02842681536973979,-1.0,11.16057193825303
-0.06642136954827471,0.2641893402097928,0.5772535790024951,-0.7795930780647331
1.0,0.9590252673371717,-0.29428895960866375,14.262054598693766
0.4401917890745748,1.0,0.015471714236192202,8.268949072514756
-1.0,0.19578738082526748,-1.0,13.648562987637481
0.5816169544818031,-0.7237613681604547,-0.6943788970707965,-1.199224668483901
0.6219230159269526,-0.07258466725277124,0.9423392276105509,-0.0240377944124118
0.005329525407221425,1.0,-0.42550875262503074,9.801242162322065
-0.06593062452248755,-1.0,1.0,-7.0988534947949615
-0.36672166042402043,-1.0,0.1538843209523839,3.3564545229280784
-0.4500027201357615,-0.9306761454826165,-0.4398199127581863,2.5031505193412453
0.03195844232350997,-0.21329304880687472,-1.0,-3.4677813291980257
0.7850864332143184,0.2340953545124116,-0.430307192717164,1.9880685843519548
0.5585046450495303,1.0,0.484916360214221,8.223269144859426
1.0,-0.4923540238277415,-0.2257523800136978,3.10652688215586
0.27951679719709843,0.21523950578289042,-0.5044558851451382,0.6656316202764725
0.4965173946043089,1.0,-0.1863990096135424,8.674721674608726
1.0,-0.6182965779847043,1.0,2.551935624641007
-0.48468297837009633,0.5306643116131062,-1.0,-3.3125648637103917
-1.0,1.0,0.5474276404868712,0.10507481844863076
0.327176178346992,0.17101479772897976,0.026854603215539896,1.326658945006347
-0.903048011139715,-0.5347052574414626,-0.043008520493694524,0.4520651003357459
-0.39733200239609734,-0.38982065803688015,-0.8311948144851786,-0.16660131589969387
-1.0,-1.0,-1.0,3.1515866915962136
0.6325791432725676,1.0,-0.7254176751168346,12.156765435296794
1.0,-0.8240859137813183,1.0,-2.3127786015485703
0.7410431655456071,-0.44190414960451974,-0.236868855481996,1.8326781607761964
0.26419654362614686,0.15385491329857492,-1.0,-2.8474246808162684
1.0,1.0,0.43296854744330315,13.557471800301343
0.2226747866694443,-0.07569625932860946,-0.3876722073089278,0.9310789281257851
-1.0,0.016547984895917356,-0.32274381103298033,-3.198209546418609
-1.0,-0.2247096763757861,-0.4396921179570694,-2.70703839636649
1.0,-0.022815887003429847,-1.0,8.141567736672677
0.2596223910884674,-0.4270152285755955,0.09875311495133432,1.5352292422884677
0.3522832295094702,-0.5606291898640481,-0.5357669868577521,0.7909539615365411
-0.23647468506330505,-0.5640257330779681,-0.16184305432839352,1.755283826824744
-0.9973064524665127,1.0,-0.5912794038206035,11.835436790567671
0.35902103966081156,0.5218974976010213,0.9748540173993456,2.65871807572844
0.01333819307093087,-0.9978705651590103,0.5351774006990089,1.0791590298524887
0.01380829224633584,-1.0,-0.9015283493949584,-11.432563120592208
-0.34691645420677397,0.6696060026006505,0.7076888946397284,0.5395951037184833
0.41589953053387174,0.4343509814112263,0.7351300824677198,1.867184102503846
0.6500774060056722,-0.022456792897251665,-0.012436745940866079,1.4462582487496447
1.0,0.4101784976685572,-0.05686867124718864,6.28952217312371
-1.0,-0.5039524626396639,0.07677883754757708,-1.549764362179078
-0.02300155454962116,1.0,-0.40184050751913536,8.837393323551629
0.3779310803101259,0.9133842002914676,0.01923198040223717,3.8974455028342243
1.0,0.4281710797454761,0.4410358188329697,8.028092406792933
0.329805101419993,0.27648917904544357,-1.0,-2.639805550659059
0.09836383203446486,1.0,-0.6224693691718568,9.49985428348321
-0.1889675154078645,0.44870556878508516,1.0,2.6028395348658506
-1.0,0.9789963324871274,0.15923107345746135,5.140323852299235
-0.3335557794905155,-0.8100995537767082,-0.1938622984192333,2.6076459107460295
-0.7918818776841035,1.0,1.0,14.9121278742875
0.9919357926153483,0.1320583338444783,-0.6178179904980612,5.44207172339803
0.030189748507085223,-0.8689481938787147,0.28514267885790545,1.8451089155116003
-0.18048725351367012,-0.32930713517242793,-0.40793598226090344,1.447711599095467
0.6412537214378748,0.6228721833064901,-1.0,-1.0967192651854099
-0.10333622848497304,-1.0,-0.6549504690000132,-2.5595477780947347
-1.0,1.0,0.3776035345992852,2.7726864356567655
1.0,0.18383547265611822,0.7343731775061371,9.87659697179355
-0.15791066835272272,0.720087793582493,-0.03378029037536634,1.1101254746994305
-0.7561471852306956,-0.8131629511856606,0.7190523442242813,3.8488703453556763
-0.09777092480302962,0.9138813518078397,0.7048981839638677,5.801622997708549
0.2662166879969601,0.15967943724995037,1.0,0.797506762889518
-0.3254213488367017,0.07498015441179051,0.9205858802735589,-0.19690000863234802
-0.38418696782087536,0.2758519004635538,1.0,1.6600474822700244
-0.4292869678420599,0.0004887313600490106,1.0,2.3463026775842857
0.9593263303671928,1.0,0.25894601922499194,12.267708489220373
-0.316911114771655,-0.730179496170289,0.4019416402837013,1.1490634535022446
-0.7726202892586962,0.5882736412451006,0.5364687640178145,-3.324527686117259
0.6807233238926576,1.0,0.7433954208858657,8.78891683564329
-1.0,0.6845644325941571,0.03975394654894249,-0.6576311253190206
0.6270061897424972,-1.0,-1.0,-24.435427232897137
0.47795289798441387,1.0,0.4119403568274733,7.203323092721775
-0.3605446065122919,0.994092421430514,1.0,15.775555979035962
-0.005525453362878352,0.4235637827352341,-0.19635133978002806,0.913599645769753
-0.14218481029213015,0.9634442683595583,0.05654169268235876,5.444760811252609
0.31054883790906307,-1.0,-0.25213323867224124,0.6363518093433919
-0.39522380126042145,1.0,0.3633650281173548,6.8104534231573
0.12103422350730386,-0.858260558055878,0.4846539085516133,0.5746842151970527
-1.0,-0.4798581417965637,-0.40376913925838065,-0.8989769778355373
0.8117323887281278,-1.0,0.3159185603971242,-3.43285841567892
-1.0,-0.2826891408585559,-0.5892981185073354,-1.945189627652398
-0.4405724643496627,0.08879878369423011,-0.7772607020373508,-0.42698709333132284
1.0,0.4680618198570252,-0.8638161226871139,9.432870963208607
-1.0,1.0,-0.7832295256921316,14.903380271249864
1.0,-0.38221722165532124,-0.27210504654012313,4.009189014988995
-0.7751051553932731,0.313050678060651,1.0,4.351581493665811
-0.22806401098091045,0.88832796704997,-0.8046918213705174,1.4900809673182591
0.07999264768302505,0.4502166017044116,0.1960456944582274,0.7327157483331849
-1.0,0.4589334846485986,-1.0,17.24726934567339
-0.31301150381948006,0.921248559377408,0.09486447470930282,3.428252101714066
-0.4756735456772021,0.06394715855553668,-1.0,-1.015538691475565
-1.0,-0.007124592487762538,1.0,3.3943794560087257
-0.15332039889203486,-1.0,1.0,-6.254621812727302
-0.41867698638385287,1.0,-1.0,1.2660501167572462
0.6972377713359525,0.8132202439076952,0.7698440720109276,5.525965493286073
-1.0,0.6597086620920629,-0.12574173778254938,-0.052011792800621515
-0.5191714605949553,1.0,-1.0,0.6301107353143458
-0.032783741964591995,-0.32000584612824223,0.2906108877500788,0.7182561827808783
-0.7842889977232212,-0.957478624508572,-1.0,-3.3528958108566482
-1.0,0.7567446709372643,-1.0,20.051829034457924
-1.0,0.20852759454898595,1.0,3.422186316481699
-1.0,0.3213577748298071,-0.26134892963922196,-2.730687297346121
0.39366452136113805,-0.13213024152572905,-0.4898050898713018,1.7847310937141851
0.336452888189813,0.312169853924831,-0.399645674292084,0.5626212964205008
0.2790172432868321,-0.29907952375396296,-0.7678028829099572,0.08169612998598019
-0.2610468743475982,0.6432338435874525,-0.3103534887801558,-0.23952773528904236
1.0,-0.7007709488634166,-0.1926402220964596,2.5326581696895154
-0.32844514140853764,-0.7993984251325892,1.0,0.2131471131462539
-1.0,-0.5647005220212289,-1.0,4.535672000549803
0.06561110311592855,-0.015318965453856803,-0.07759245327338049,0.8837345974527462
0.030562447059937714,0.570225173104776,0.6417996788381068,1.3044455609470058
0.3505024297592465,-0.041093664584986644,0.9800959273252214,-0.49347145342591836
-1.0,0.13714061336970662,-0.7058410905969765,1.4404925563878088
0.16081910176539127,-0.8416982357025282,0.2456176239613237,1.5427243565427349
0.3124843337057903,-0.24519121209579797,0.800850847095459,0.0052368378525310955
-0.5640961218883567,0.5555730175804752,-0.6360894241105604,-1.0744995961084927
-1.0,0.182270841162802,-0.10998472086865774,-3.689450054441891
0.43259596073011686,-1.0,0.7123966939752366,-1.7648083838133548
-0.6114482934835279,-0.15609333374680223,0.7084178190884618,0.10282841400315329
0.3173153784955125,0.15867792933689007,1.0,0.39066552400628096
-0.7603261881846526,1.0,-0.3285114279096504,5.891005795997979
0.7480157517822426,0.16474442239642673,-0.9816398058795526,0.5057366197478012
-0.6465320623440267,0.7199351375525083,1.0,7.735701806756491
1.0,0.7969270752209823,-1.0,18.984591262230342
0.8605237032823694,-0.4809611034677488,0.6867093680353549,2.1105564776037076
-0.7536954007921757,0.8070179087447484,0.9560577798441519,6.989073851964009
0.7832089735290975,0.952257010379427,-0.17807954686474048,8.789203199372794
0.7292032480936099,-0.04088566418296069,-0.264402882252204,1.4054393276592303
1.0,1.0,-0.5054303563294402,20.667666145214184
0.20943775120911412,-1.0,-0.3793489617374841,0.7946347906942262
0.9183871740356828,-1.0,1.0,-6.663612571302898
1.0,-1.0,-0.43898743096642945,-10.354723499546873
0.5314980420183246,1.0,1.0,9.767274913137596
1.0,-0.7727788793201651,-0.6714239972721132,2.285984785863038
-0.34283017881616007,-0.2206639586302943,0.029408353053911762,0.39653245372085727
0.4531855624860013,0.3493044257211655,-0.2425499689125723,0.8320209015542592
0.4260182232755696,-1.0,-0.006390325240365424,0.27577784029163216
-1.0,-1.0,-1.0,3.28213987849731
0.5852992921160052,-0.18862721646003977,0.11170924155576611,1.1017924501546612
0.2643215879712999,0.5825183760488908,1.0,3.422898564694642
0.49877987218121556,1.0,0.13071521123727048,7.514497621114251
0.06463189987726992,-0.310235913435952,-0.9789736366464197,-4.111740673442989
1.0,0.6507771339323931,1.0,25.419357344707997
-0.5042345908579244,-0.7247653645777727,0.7677101136888373,1.508823128859039
1.0,-0.4525115251497065,0.34525225904903056,4.00936860276084
0.10064857651553161,1.0,0.3271365867788092,7.9650077527391225
1.0,-0.07495594120805604,-0.24275069270381677,4.246240104402735
0.4559969670852906,-0.31803273779237795,0.15020629208324587,0.9295620834930227
1.0,0.42751299120939623,1.0,20.788700814669028
-0.6120904903543705,1.0,-1.0,-0.1662624700854648
0.39892447931258945,1.0,1.0,9.927345357124432
1.0,-1.0,0.9168590987040055,-8.026921831241923
0.31215306819100075,-0.46221524253563584,-0.010671243994456292,1.252416007605262
-0.4792347947006308,0.4669346107970114,-1.0,-2.3529035009940364
-0.14237301113899936,0.0226947469420411,0.18897996809540163,0.0830661776536753
-0.6945789078309261,0.6112563878733908,1.0,6.115372215204758
0.5531643202718535,1.0,-0.43439766050175344,10.90656625410088
0.04367889565724914,-0.9074579072176912,-1.0,-12.624598042077027
0.8795981452642312,1.0,-1.0,23.84072779954916
-0.6955891403106083,1.0,-0.2869011727473598,5.041713527370115
0.7754505368728921,1.0,0.6642171863056359,8.89017470674806
0.18740208397900449,1.0,0.4659862657640381,7.687252598788109
1.0,0.5691432502064651,0.3537143530190545,8.829250692083596
-0.5322697992104015,-0.7656955130024385,-1.0,-4.9283531395694
-0.1905909228267595,1.0,-1.0,2.2422540214806705
1.0,0.2543902002332912,0.10272212353676946,5.973531564307535
-0.4536189086623934,-0.8109211392338027,-1.0,-6.8089610255964095
-1.0,-0.17818753903609363,-0.5258417643474398,-1.5647879415817156
-0.7265617101155628,-0.15224301849478183,-0.0456273716013853,-0.7750862429583407
0.841928461750511,-0.0724844001702174,0.326587557243996,2.2591975816022662
1.0,-0.6548492036888975,0.6997030223749632,3.965745078931762
-0.005005081784718923,-0.04948145811612514,-0.3990289654779642,1.1217145973439222
-0.40034617211177514,-0.00917467180415521,0.4337978805435203,0.49908348859603446
0.44494342862331093,-0.8549509438953549,0.5555592004230565,0.6003199617873041
1.0,-0.7281141664922313,-0.38160923299908744,2.457621242557575
0.05905455688612271,-0.2131854899706047,-0.3478487499499532,0.30129911761076034
0.2104694576292674,0.42525229190339897,0.06273968477317649,0.45462140450578964
0.5329561191894929,0.7137806303271683,-0.7794711914493175,1.0722217960384657
0.4045555189147092,-0.3359384780955852,-1.0,-5.669052231317594
1.0,0.4964685073630428,-0.7796731286802385,8.323741554009336
-0.22707367968200098,-1.0,-1.0,-15.160888532632017
-0.4748873460011822,1.0,1.0,15.882570342788261
0.28548862496083394,0.23229618090936688,-1.0,-1.978071240320427
0.6320216038901927,-0.3380588055364271,1.0,-2.459278941080559
-1.0,0.16660247855431187,-1.0,13.186866571001474
1.0,-0.28471088356319574,0.9859423600630906,7.254923233108376
0.35039382746863157,1.0,0.9189200312248824,9.851822073181514
-0.943299476461632,0.41790683955690944,-0.15409888739088995,-2.3789036724389345
-0.8705522176993132,1.0,-0.16601309886878068,5.482301520425631
1.0,-0.02402752857499557,1.0,11.786953852752752
0.14448469064737712,-0.08381099277297666,0.1866421730153347,0.8023720156788702
-0.379599546044898,1.0,0.750368421601834,8.727407473180014
-1.0,0.9599876439171737,-0.44556983547508255,10.08392506811972
-0.7975051112740565,0.2447424033530703,-0.5163184521812771,-1.5221316713660238
-1.0,0.5402442940322774,1.0,5.820986665432193
-0.3422733051201392,-1.0,-0.07818419946816468,4.079597552454631
0.42717817139835557,-1.0,-0.4877209876914046,-1.9184955009590983
0.5517626451208892,-0.1986590577457228,-0.4946735165980267,1.9206156996874806
-1.0,-0.31137688611324377,-0.32837319960418077,-1.797912330371153
0.701562748076517,-0.8067197370195467,1.0,-4.021175699170992
0.1216797733694801,1.0,-0.3364895337203906,9.377525290695884
-0.431184303594103,1.0,1.0,15.672800767246311
0.37003803222325304,0.5651133322843893,-0.8091684450424277,0.4815075033074102
0.4861934099171774,1.0,0.21606736890701161,6.268907162500057
0.32407130397756756,-1.0,-1.0,-20.71638471628252
-1.0,-0.038761722518672936,-0.9670053192851902,8.343026029632144
-0.022507446365465977,-1.0,0.37814529816769116,1.6376125044772907
0.35365868640046294,-1.0,0.37475683671116156,0.11767028960402665
1.0,-0.6327746307469544,0.6139941525879491,4.0735699535779455
0.6735728753151096,0.14727008071389824,0.7532557001850442,2.500587050240633
1.0,-0.9275402711397125,-0.25617150896631014,-3.525177140014714
-0.6703835723898073,-0.7121063545380661,-0.549585097614677,2.027138226149496
0.24000263010401923,-0.47251436099622124,-1.0,-6.4344442222556735
-0.10462995180682189,-0.4456789474748979,0.24198717653557034,0.7415412089976128
0.48699352622574743,-1.0,0.5809532438491458,-0.9741844636089716
-1.0,0.3629476830271996,0.3348685894490777,-4.7952905117839775
-0.5349650997292055,0.7671072442190932,-0.04597828315246755,-0.4287905960443423
0.2384242096453999,-1.0,1.0,-6.424340644140136
0.6807610765439169,-1.0,0.18511668173944895,-1.5088237904839552
-0.40816066339324264,0.4987974097964618,-0.0010581914777869628,-1.2349038431184458
-0.07883946007041276,-0.7663210304248738,-0.05361235811845111,2.380867573922225
0.970357393253046,0.9983083677246931,0.5188682100269437,13.757416344223252
1.0,0.9730094157271063,-0.04948572938371343,13.85203533094585
0.8745488447140766,-0.048737805183209026,0.9073003047414536,5.495833258353635
0.5843725434176943,1.0,-0.2083017725928784,8.699522222130561
-0.49214705499227973,0.13159687003800924,1.0,1.8342661163195861
-1.0,0.3571067735231943,0.5450057880610595,-4.4133384225063645
-0.4839234806810786,-1.0,0.7660793737069322,0.825747291804843
-1.0,-0.28624772222442285,-0.5285157184368792,-1.3795007527428624
0.12447424759166692,0.37573456081320544,1.0,1.755985639815581
0.06129666880176399,-1.0,-1.0,-17.982382663934512
-0.7538983949706055,-0.2514549622914948,1.0,2.621118572094289
-1.0,0.11098880819053059,0.6153499287762778,-3.9875154960869796
-0.5400092727187955,0.3822772396635492,0.3117906550764078,-1.0856458223085614
1.0,-0.39561419124734276,-1.0,3.628845469242317
0.23050272976596453,-0.9012379782019755,0.1190595789912392,2.1817685643717493
0.8501146972308466,0.056854981173859676,-0.4050141925643773,2.2928857492041024
-0.2780234557162591,0.5669444009118669,-1.0,-3.7632320517680236
-0.6341206964313779,-0.4575703332258856,-0.6556244889868259,1.199317538705338
0.19874668700949316,-1.0,-0.1312515003768795,1.152803141800939
-0.12641962151336084,-0.4739227648686237,0.9351099035060844,-0.9234734207575412
0.7944007636042103,-0.18679509918700732,-1.0,-1.2005999686265476
-1.0,-0.15270889028874057,1.0,5.179376005409365
0.9695815093817834,0.4167358233663607,-0.3647782937572328,4.852128234723661
-1.0,1.0,0.044941157467404125,6.7312683922875465
0.651520327640073,-0.2501351675972223,0.311095714879728,1.3640683271039629
0.009409837319873215,-0.8260701379106179,-0.41408348236366366,2.1769618103580477
0.11517885763653246,-0.021160227314135138,1.0,0.12154236219484527
0.33992080881055764,1.0,-0.5940622292283408,11.053893692003623
0.19814906397922005,-0.5344047169445987,1.0,-1.9858604999127571
-0.3345270348235747,0.9362312883791997,-0.2654930330147829,4.299351328298991
0.30008364759320605,-0.4708142089598437,-0.1954187248948922,0.8462959668662788
-0.8758400546998535,0.929762777877156,0.1338885112241619,0.9064769184947806
0.2645457201104544,-0.4899311639311281,0.3726897769660906,1.1154091146547787
-1.0,-0.1473736388064828,-0.6565463178157338,-0.7148391791975067
-0.9600549301544232,-0.6355004932173236,1.0,10.039819317773416
-1.0,0.07507798310575753,-0.030760589420079087,-3.5464917339732063
-0.34270724072145775,-0.9262475983371918,-0.9263223406851522,-8.333861619586129
-0.5254336717143566,-0.3978622958821687,0.2658406484377791,1.033874632656387
-0.2533609395109171,0.403442351343654,-0.6404851989493316,-0.3147576137745368
-0.9942323992937752,0.1473302127785665,0.6237835475486129,-4.295844587233347
0.668474098081679,-0.3081533658477462,-1.0,-3.7571696396643532
-0.7946075447703369,-0.995111654036958,0.053192690962243994,5.936015488566413
-0.9739060935591164,-0.7578803136820076,-1.0,5.1961396169290195
0.9071333726294624,-1.0,-0.46736902652156,-8.695915623356294
-1.0,-0.18172326057595622,0.8594056023184757,1.5992425188361312
-0.38589029378320716,0.14138099671577042,-0.04038663628123085,-0.8707453065469519
0.7754455771113511,0.5203935612173534,-1.0,0.6191797434047844
0.8019089716686205,0.13891862189267035,-0.7884162396354535,2.4614364747187087
0.7249815402357314,-1.0,0.4783068406169735,-2.4129410444479134
1.0,0.46860755862295433,-1.0,11.748826331619275
-1.0,-0.3061505170594345,-0.4526681148782026,-2.0122097145304254
-0.34952536612235163,-0.4047634605125794,-0.19464235416898346,1.0193760278578765
-0.3487950579635426,-1.0,-1.0,-13.931827114567442
1.0,0.6151326778763464,-0.10949205352454361,6.488471812894386
-0.30843535447431747,1.0,1.0,14.921453794051835
0.12319663489405364,0.3943579488201736,0.8744410533306113,0.936107033803279
0.1334029321322332,-0.5312678455199862,0.5879815856564734,0.7558933176274483
1.0,0.20122413088252222,1.0,16.7868429716631
-0.5303288031210265,-0.35986058044072955,-1.0,-1.7078088511141463
-0.09193881958606909,0.6553750052478078,-0.5431845578880843,0.5981670606216789
-0.319659381957333,-0.07850031161089088,1.0,0.2847849957136232
0.7953640802191146,-0.3950987003787667,0.4103842180275865,2.4167444560751665
-1.0,-0.2145737306826665,-0.03406902940323797,-3.8443280555099038
-0.19946985115778548,-1.0,-0.002117842183092744,3.2125274230629848
0.215454331300583,-1.0,-0.22213101331390317,1.019584907443192
-0.5453008099767758,0.16856112294648806,-0.939823785702427,-0.3613908980584074
-0.7421636242300145,-0.3770574651663243,-1.0,1.9759531003612982
-1.0,1.0,-1.0,21.62698000697777
0.4343430622373239,-1.0,-0.6091168691767335,-4.509111810515372
-0.08149753021994477,-1.0,0.07218758672444858,3.098095275122569
0.7760193927698846,1.0,-0.9770937242904216,16.222184348970835
-0.9887717232974138,-0.2864018346434949,0.9846785588551832,4.269759704866786
-0.8883291393984807,-0.5591719460156876,-1.0,4.277064137006824
-0.27960653513187084,-0.15979805890632037,-0.5915349293325733,0.13305549478630413
-0.1642062770926065,0.19668507451496775,0.6589478965465134,-0.15862251255224255
0.6837526336984234,0.7138196493246156,-1.0,0.23947702397623682
0.029074189772007264,-0.5675419018167203,0.3152234517054304,1.5572548505272525
-0.911036406012478,-0.4262940476503492,1.0,5.203437991694627
-0.1967347471558949,-0.12592123108961029,-0.5128465949910772,0.714961947225591
-0.941825073613052,0.9486312766460692,-0.7834296684381825,6.857086820420986
-0.523817855960391,0.32854537217043434,0.768253253191796,-0.42771258166656945
-0.806348142348494,-0.37782733740659813,0.4808596157923519,0.35614813431704173
-0.16328158761460054,-0.7932663346157269,0.37425738689765664,0.8825487299866885
-0.7549471474466114,-0.133735661593817,0.5953832459782535,-0.8057965978235979
-0.9953163716487958,-0.3277775507150029,0.769167341445232,0.7042955713240683
-0.04853057967427832,-1.0,0.2444192735205426,1.7357550668593256
-0.6803947699614044,-0.10802648641951973,-1.0,2.352276042265899
0.6918571276183307,0.7176424590702337,1.0,8.829764831196735
0.631287514715926,0.31906360534015343,0.5746809435400502,1.9687834628705758
-0.9116707942524356,0.5358332419019693,0.013234487317420163,-2.6978786215030652
-0.49832994351751725,-0.5398113338550596,1.0,0.5549044212171375
0.024467548767845626,1.0,-0.6694142353258172,9.77595937215077
-1.0,1.0,-0.015128429991567494,8.247996517911885
1.0,0.020671419180557038,-0.005769926003868608,4.399992219527691
-1.0,-0.004994093382031828,-0.5652070106096536,-0.9730680489917857
-0.962142597955755,1.0,-0.9213470781449982,13.246373516929202
-0.3713868930426665,1.0,-0.6909624012045763,5.866990590077743
-0.5903757201841597,0.3733865659438138,0.37992395846642024,-1.496434220327317
-0.24361308224377232,0.7453872299807165,-1.0,-4.610240890997044
-0.42601439063588087,-0.26065211161580093,0.3837867967784001,0.0470174627664592
-1.0,-0.6084287865579106,-0.7732724858302968,2.0118606706545306
0.15236831070566637,-0.9986469486398277,0.6407879723937302,-0.48505401582905616
0.05086763026186114,-1.0,0.5767276031732642,0.46200485534289354
0.1256802345495449,0.0320023207474327,-0.6091738872900989,0.5896653266062568
0.18466848638243705,-1.0,-0.35258956825801957,0.5430188625701917
-0.0597764212785834,0.7046462118278434,0.3990773364657172,1.4312359006523034
0.12843025054292823,-0.1812295054939932,0.8146335883310196,-0.16802046659198816
0.5308209982030649,1.0,1.0,10.042249382082625
-0.7573462204283443,0.13005280909293848,-0.9563757997182682,2.602202956885462
1.0,1.0,-0.6033260794883113,22.998722493946016
-1.0,0.31797360447529655,1.0,3.7568940748281587
-0.9726761954802756,0.9183180108508029,-0.3045060821283383,6.088488831446855
-1.0,-0.03263207754377384,-0.9864089507985212,9.895959740206122
-0.5551603304085944,-0.06822588778795202,-1.0,-0.4717570932692418
0.4223191396186228,-0.7034802903449087,0.23173702407481844,0.7855281390806013
0.19786150869771868,-0.026700743144632222,-0.604707613486722,0.7632292553595728
0.2756289564174017,-0.3538019874718352,0.44818623131325763,1.2345362354768845
-0.4460908547805307,-1.0,0.8956438059891398,-1.537277229218501
0.36393997732336936,-0.40931447391605524,-0.8038731237932075,-0.29721706018517985
-0.21409679622993671,0.567809366663534,0.18849458017733256,0.11003979958494725
1.0,1.0,0.016445405162007987,14.83061266411298
0.9722276465242727,-1.0,-1.0,-29.982442055303252
0.18889261452183548,0.14423797697197238,1.0,0.615506601551621
0.3972277777101234,-0.455209244894893,0.5132403457833066,1.2061118371457737
-1.0,1.0,-0.8627814207769122,15.457012344166527
-0.4717626443787817,-1.0,1.0,-3.989478489060999
0.13409125779117748,0.054187499329076294,-0.73753053560439,0.9647907697539839
-0.29735983826763523,-0.09834356241394127,0.5520654538674508,0.11811381622209136
0.41617417020454983,1.0,-0.3346858370954835,9.970975625448323
-0.6743633203891279,-1.0,-0.9814511331160687,-7.828996494765189
0.11609048444152403,1.0,-0.1359822535802082,8.771493262120616
0.490847700361811,-0.0907457065199524,0.05650301439242189,1.6619417297057424
-1.0,-0.16364796608530807,-0.7589098073068825,0.7012763521822991
0.5421654764651971,-0.8559482810831476,0.04682000224856897,0.4101332477544076
0.014783319391368455,1.0,-0.7562899576775601,9.197527490600278
-0.9817493359963021,1.0,-0.05410623026250394,7.177909191221866
0.6724982897804974,-0.175883446883355,0.5380228548469859,2.1172982045764437
0.18830188547495297,-1.0,-1.0,-17.82322324872495
-0.06412631298456306,1.0,0.8646832585160025,10.490366702137703
-0.18486151336173418,-1.0,-0.7503525518225884,-4.426974344339952
0.3474847343780525,-0.20241417629996517,0.9061010577073945,-1.1034865729676444
0.2663574490338536,-1.0,-0.5886299400938999,-1.8449506760052836
1.0,-0.8722226770815535,-0.053942260969688016,-1.3782075849763644
1.0,1.0,0.20043182859649877,13.58032329507452
-1.0,1.0,0.0662314762246563,6.545769430895266
-1.0,0.0602280229535459,-0.5278746917615158,-1.2413508424385205
-0.6354607946731254,0.540018497410018,0.4217770968782255,-1.894333450856826
-0.8223857611421299,1.0,-0.30129178583252236,5.570396764835735
0.023369595102534557,-0.6403660656976047,-0.2728949228673385,1.3970615745967752
1.0,-0.31114377407665006,-0.25398343257460376,4.346063639678695
0.982411271370146,0.08133879321714321,0.5252436115454349,5.859289647632391
-0.24498581638490724,-1.0,0.8156931665501443,-1.9387094337392714
-0.31429878004938283,-0.03739087995222312,1.0,0.48628663436387554
0.42989663133256184,0.22408720652703273,1.0,1.2335683213514708
0.7313588570028178,-0.45623620364584516,-0.59546887971338,1.3953139002848605
-0.29775549731776274,-0.40828131013008284,-1.0,-3.805108973638463
0.026475598074754636,-1.0,-1.0,-16.72739936213467
1.0,-0.41750558816315086,-0.7775145120894196,6.1440902571750415
0.08163693592973709,0.03795829475621004,-0.8528272820751035,-0.335812115092046
0.0493450352958098,-0.23442500547492107,-0.9790527025038889,-3.106328174539273
1.0,0.16091795683904242,0.28246562378046125,5.864673895273024
-0.5673713942567566,-0.3080383857241864,0.11559737919096369,0.6796564543570828
-1.0,0.36199184982752164,1.0,4.441228656781828
-0.8723876664922681,-0.5648273494843512,0.22222370731706986,0.6492129320762889
-0.4989262645511463,-0.2956641091670449,-0.2087939295933814,-0.14718253863666997
-0.9487048055513696,-0.08485584721763706,0.49647881408532535,-2.6953732921700255
-0.39348277744841176,-0.39609322725873297,-0.8900094952174797,-0.7521279979515431
-0.7227248122765535,1.0,-1.0,2.4731000609720257
-1.0,-1.0,0.000179658558876028,7.594335153972845
0.8914844836318112,0.3599610403121676,0.5574955115206044,5.976099286651549
-1.0,-0.4783243364612946,-1.0,6.5617915969844995
0.9233984799075556,-0.5524699128642285,0.29067273984981923,2.1830390481044755
-0.3663286013083593,1.0,1.0,14.718631927952226
0.375110332210854,0.07105546120159079,0.8341285147679061,0.4134664371145902
0.8106789806790979,-1.0,-0.7504029950710935,-12.58928209961902
0.2630348996281453,-1.0,-0.7879143000047621,-8.01296054754261
-0.38140781754997843,1.0,0.32150653089058,6.125518665289367
0.9685549937467013,-0.7334650935367344,0.804913034486026,2.672043042845181
-1.0,0.9927309108664419,0.20246111431475433,4.776275545397118
1.0,-1.0,-0.0895638997735222,-9.360462850225444
-1.0,-0.7324749453011035,-1.0,4.9532567887021335
0.8267910638320501,-0.2680909968413048,1.0,1.6300135857796338
1.0,-0.028508959828723146,-1.0,8.182387809721222
-1.0,-0.44962784157234514,-0.7437901113358614,0.809627427734203
-1.0,-0.1163318191728564,0.02172826530878491,-4.299657486773793
0.4329150864500655,-0.13914906351381284,-0.3941987508788414,0.8512101801479969
-0.2034417428043236,0.022755993885082315,-0.4924364942825814,-0.050874232192616164
-0.8075683298055227,0.45611394716524245,0.48655874911346375,-3.1875957847238454
0.9982644184030571,-0.7980877139475886,-0.43782633878640076,0.816844954404629
0.566912850278456,-0.40625005793449787,-0.5408227077200041,0.9512705642381594
-0.8849173595449782,-1.0,-1.0,-0.4850734027953538
-1.0,-0.6013366358472352,-0.026674508594187296,0.4992761012676051
1.0,0.5188364712072977,-0.9089678049549459,10.624352102297891
0.13267433768961712,0.34201348526515396,-0.4364644551907566,1.5911096591012164
-0.05736334262510945,0.887474668048698,0.7615104433418449,6.071564632277649
0.48276786642620517,-0.9037673525783618,-1.0,-15.245834150207738
-0.33452000107900637,0.7589776605129355,0.27857284744645994,0.2692324173001083
1.0,-0.8496396987276484,-0.223998464685774,-0.397867526774193
-0.08319619837377568,-0.4477221540744618,0.4863560008274952,0.7430042747769663
0.7054538127891385,-0.1918177784977546,-0.3026033947177609,1.4447083764914697
0.3587401270959616,-1.0,-0.5267521598249345,-2.84323095829491
1.0,0.8674327843799552,-1.0,23.965709704442503
0.6209172411542214,0.43963686613096953,1.0,4.723841987134311
0.3491152464950431,0.21129397944017425,0.27072446999083133,1.3929718481025009
0.6049894108841669,1.0,0.5482441679751073,7.233718572002261
-1.0,-1.0,-0.2019817824966026,6.693584326186695
-1.0,0.5138241311103162,-0.32129312476810945,-1.4009521270760714
-0.019131474679970895,-0.39410264011727425,0.11459217904710406,1.7546230142671897
1.0,1.0,-0.37836005745353707,17.82060502121153
0.25934872733798575,0.2532524691591267,0.4918245215068968,-0.24721814850412127
-0.7619031907128837,0.7940628723530541,0.33767935462696186,-1.171109977925115
0.0661647972342243,0.670520116906288,1.0,5.359660637266786
0.0240469811077777,-0.5127511812486405,0.2625002448618161,0.7837217356033371
-0.9716632696733709,1.0,1.0,16.635257384474592
-0.9729160310796536,0.9262629631312187,0.31846059998358656,1.0543717913193542
1.0,-0.13080540550910746,0.4636855838156122,5.598775821462324
-0.7873694289395134,0.06576813209840204,0.12616287404592263,-2.7170729690529196
-0.12379791339591639,-1.0,0.8387488400916454,-3.0401347479273553
-0.08826550082777485,1.0,-0.41187484149015785,8.946606277971105
-1.0,-1.0,1.0,21.961149790406388
-1.0,-1.0,-0.4514174029194309,5.70000978602169
-0.053515699416380125,0.05240839991990365,-0.5752937144686163,1.3587347166297927
-1.0,-0.12696646500284703,-1.0,8.854639666123362
-0.539897723579905,-0.6430489788571991,0.12295642917363225,1.0862636142674542
-1.0,1.0,0.9324933626268572,10.842266030607117
-0.2708994881473332,1.0,-0.5409327978150205,7.647350995184104
-0.8476634353062713,-0.49069620529652846,-0.8719196918771386,3.2272555973552617
-0.6284143857819195,-0.5555174846013453,0.9067437694874732,2.370499284474295
0.8727681744532041,0.699714582847518,0.22422601908080386,5.903025590803489
-0.06937030072176675,0.46144751442841647,1.0,4.023199100539829
-0.6310075974865876,0.9498858350102792,-0.6936650803893447,1.3642011735851092
0.1481422423779346,-1.0,0.2712038454491388,1.3298412857886908
-0.8309238306101918,1.0,0.9705149875491474,14.046649324150705
-0.10997209593957824,-0.4385897039458828,-0.644569943161756,0.9990825499778485
-0.32045089923108394,-0.6992336727673629,0.1688665998482357,1.1410006173898726
-0.325169757348881,-0.7404848410445042,0.6473048787145097,0.5769939292792051
-0.5288513403359683,-0.0791774558221574,-1.0,-0.41819564461029346
0.13050324616213516,1.0,0.07271800804124573,8.103863954191553
1.0,0.7149657957077742,1.0,26.120020249256452
-0.550899165058713,-0.37478458796165803,0.38519907776745543,0.09600029733276416
0.3519011490760684,0.3569645586289383,-0.36380855798233047,1.6768157153607863
-0.0160372939250768,-0.2216248950918014,-0.5321752114131131,1.05440263583736
0.19944769193948875,-0.09993813244182603,-1.0,-3.533487352330033
0.3150110152628709,0.9583416963760085,-1.0,2.1617464356871894
-0.3932065889786387,-1.0,1.0,-4.107889845918536
-1.0,0.5065973418011116,-0.8634396251345797,9.63363825315039
0.13373812970427412,-0.5013690967411384,1.0,-2.7329832920681314
-1.0,1.0,-0.31549681144352637,11.38602814485879
0.452434921397878,-0.3371006250002426,-1.0,-4.670012166965844
-0.4782620456450646,-0.8159870438530257,0.5635493300260299,2.0456665214054843
0.9795825370514186,-0.7646069832260916,0.28524700371777656,1.1850208795074786
-1.0,1.0,-1.0,21.989215519342675
-0.7035337669092194,1.0,0.9429788514862929,12.349022501037195
-0.47403398859020585,-0.8200928888007288,0.08352776619540436,1.973958179616747
-0.3626988250472274,-0.3267507841874937,0.20159111360733695,0.7128339924167602
1.0,-0.7584710999623139,0.9002831157423037,1.8877070048728137
0.3752980302860409,0.7341300108747026,-0.3479152590344654,1.4368281937348253
-1.0,-1.0,0.03614148625776714,7.824164811904425
1.0,0.8595714440354825,1.0,26.277301405291105
1.0,0.19775597716219617,0.3405472774359928,6.180045296562237
-0.9128767352208202,0.07946969223154454,-0.2615943846544746,-2.445143580858238
-1.0,0.8049014345256837,-0.5881344980724481,6.12736060997382
0.03948733483225775,-0.5183751356272064,0.6383153920403943,0.05268299994266862
-0.7051071157674107,-0.13313365345344574,-0.4466394913120817,0.26507865684357523
0.4570735396212646,-0.9891234303881233,-0.33466394524178833,-0.80175083555982
-0.29006936750442347,0.2212913635897098,0.10329564957410353,-0.2386144396435603
-0.48814797851841263,-1.0,-0.06532472909043485,3.842013920704469
0.1842121526102003,0.7714309186447741,0.33948579013654,1.3981396871535963
-0.7120141499178454,-0.04299963284491204,-0.650066625762945,0.9038600140645193
-0.6966289537137473,-0.6932930267645314,0.949385839797263,3.8173841297883233
0.6086214271476293,-0.623645009086532,1.0,-3.232919242573121
0.9565485876418247,-0.8410670721885842,0.7125827883410587,-0.5090667187640882
0.8934395234933288,0.11459759872718056,1.0,8.181355831064653
0.4926405054517802,1.0,0.6817341556115808,7.997648033971553
0.2978463187247109,-0.7613607082297633,-0.28067656739079494,1.0583014984929449
-1.0,0.16057475361757723,0.25101633587724903,-5.122858216051422
0.259214866716178,0.9937693418703182,0.7953842300086371,8.167850138277009
-0.1237253810856822,0.22995324019735208,0.9479247689219015,0.6868484483014848
0.6042755268470623,-1.0,-0.349217907308649,-1.757064014133423
0.12014155678090854,0.7405569034504411,-0.8699848930525402,-1.1058333504550917
0.7923830199144921,1.0,-0.9207607380261724,16.590896594351737
0.3360599750120077,-0.36537447445284044,-0.5860390104676316,0.9803650115257814
-0.9683578303797062,-0.684797938019722,-0.0446234040339355,1.603375072664924
0.8105588562581261,1.0,-0.08446024733807245,9.307426558555344
0.23416479218772324,-0.5910353981114806,-1.0,-7.233224483353792
0.569815830084851,0.2902245242472137,0.31841041547327054,1.3899378800728703
0.10906301127982898,1.0,1.0,11.671626805547989
-1.0,0.12237891177226601,-0.1094200548095976,-4.766465982337442
0.04917160869742676,0.418344671769731,0.0570870958117502,0.4126128145426441
0.020781817112903056,0.5906999068049543,-0.4573622658266123,-0.3629991977553205
-0.38411448707318563,0.09718189674320143,-0.11568605260969811,-0.28915161188266164
0.19901336305217554,0.5279705733441491,-0.9615492048647816,-2.7046174903420055
1.0,0.25202718305988436,-0.7809691548125668,7.075993160674942
-1.0,0.15166847687021945,1.0,2.7926277520996363
1.0,-1.0,-1.0,-29.988919394539437
-0.48791116689664826,-0.33077065899065494,-0.46359443245425536,0.5455833209593469
0.21460041346809122,0.08456857145257035,-0.3323898047002316,1.057942442828218
-0.6119477360835373,-0.8369922848065374,-0.10650951218795113,2.579444362807138
1.0,1.0,-0.16506784402317276,16.30639559255717
0.48707882576395733,-0.774757456496447,-0.574359635726146,0.09768805829863286
0.4184748170060373,-0.36730269376172475,0.7247112832634595,0.1843272231002313
1.0,-0.2450132566140597,1.0,7.388199090702241
-0.508340004055535,0.4049469921864415,0.7057299812934743,-0.8837374256229555
-0.1495571942451408,1.0,-0.3945406524657187,8.252821636091307
-0.3180828379134435,-1.0,1.0,-4.902764363097856
0.22189166553058293,1.0,0.2152497468142085,6.529907649397933
-0.9154316244410876,0.07581486688134964,-0.04831850852298447,-3.33245807554062
-0.09669064393211269,-1.0,-0.21783846340560253,2.282968664936185
-0.4753858692571773,1.0,-0.7579647060667358,5.394499971588742
-1.0,0.37425156164792606,-0.17517316450159148,-2.365302637726783
0.7212894157411294,1.0,-0.28580107379467656,10.406559099066373
0.06458645341482838,1.0,1.0,12.182174215230779
0.6488410282777524,-0.04274901127042896,-0.9616376876901933,-0.9088727425083947
-0.07504730208030153,0.03766904250319536,-1.0,-2.7050047951863627
0.5837704683300871,-1.0,0.5722465471481657,-1.4730413830266893
0.5747845373306231,-0.012003305580323254,-0.005176389345874943,1.7602213017796626
-0.9532528073931763,0.34290111689970604,0.9522243715893774,1.8884410117224233
-0.02523180705870831,0.5444457446858657,-0.9684931587078822,-2.772720393353902
-0.5890959001405689,0.5364316404234379,0.609026974034772,-0.5284819619676282
-1.0,0.6487592470695036,0.47370920139855865,-3.6352394197293703
-0.6409799725374721,-1.0,-1.0,-9.138962303124597
-0.8452959205959498,-0.18497729593928125,1.0,2.7370342527112865
0.530038273906019,0.17659680467659622,-0.46229967027733165,0.5595682852851571
-0.5056775475625062,1.0,0.09151359398202619,5.9112703638117665
-0.20466314954374898,1.0,0.9408434876662803,12.765473747840161
1.0,0.6630906756572277,-1.0,15.768249103708103
-0.38745490461923904,0.37826728989758607,-0.8422246778204423,-0.85913264166731
0.5081076445839094,1.0,-0.15460858652143483,8.908312051385494
-0.013092689065347551,1.0,-0.5482736249150966,9.749392484788288
0.7894813328494901,1.0,-1.0,16.000915823432653
-0.2241830361326378,-0.6770868209931298,1.0,-0.3489463188064045
-0.1734535061924729,-0.9488954966594465,-0.7763508658201561,-3.4958967568002497
-1.0,0.8948806511516236,0.802186416408571,1.5252750536064414
-0.48869740634642445,-0.7151565430871494,-0.2514838920946829,2.1094266925404987
-0.6044623547817829,-1.0,-0.5633881643827046,0.8388249084663612
0.9661484684897692,-0.8554303555903715,0.058797171158067485,-1.0390177747218756
0.7363894838899723,0.21353749970387192,-0.3949401558365082,2.2120387717179977
-0.5235583393445835,-0.47492212020927393,-0.7418935806061537,0.7496555110789693
-1.0,0.4972217706574056,-0.7277913962433107,4.240303440118348
0.24289262658636335,1.0,0.8951818167434298,8.66603408580879
0.32922188213802106,-1.0,-0.9123390411730916,-14.03091428073963
1.0,-0.46761556876313226,0.2897461191980295,5.008435303524869
-1.0,-1.0,-1.0,2.5308804229941684
1.0,-1.0,-0.6913333329096962,-13.750168306535432
-1.0,-1.0,-1.0,2.642627883043762
0.38279343144121425,0.029477285450400847,1.0,-0.02987498455015869
-1.0,0.45594970188699446,0.5439382441337219,-3.9198858019275353
1.0,0.4668533688957053,0.2699075866804945,7.4410234960045125
-0.311218520462607,-0.43621583731112534,0.06673142516163333,1.1556197898102012
-0.8127393353625008,-0.2187281204077991,-0.5936164049545067,0.9359671953159374
-1.0,0.9531471098325566,1.0,15.909033951008071
0.14603446257030672,0.776605104092031,0.11155055683205184,1.5234529402504373
1.0,0.9376371256426239,-0.004913875075844398,12.039033480803951
-1.0,1.0,-1.0,22.233098456581928
-0.350131348074026,0.5618791822519371,0.38828241745817405,-0.5415602192016153
1.0,0.3540783411854509,-0.25257070663293835,4.961105930380871
-0.6899182144308318,-0.8299558053009481,-1.0,-3.4955700746138207
-0.48877721260680906,-1.0,1.0,-2.956887882773688
-0.562719164331678,0.1402550565008729,1.0,1.42741294359825
-0.013724387066753607,0.5914241932725022,0.11296804119467319,-0.1138347177953542
-0.6702361188486299,0.4051959349742069,0.8130308968173057,0.01262595398886679
-0.24896389886086823,-0.6928637314115178,0.505177758430148,1.3108821112471971
