feature,coefficient
x2^2 x3^3,1.1678634706038291
x1 x2,0.9477634294703896
x1,0.8532899793662625
x2^5,0.8298141916298202
x2^4,0.7862930780306575
x1^4 x3^2,0.7231181470888838
x2 x3^6,0.6614238074234221
x1^3 x2 x3,0.6601194066099386
x2 x3^4,0.6567685342548495
x1^4 x3^4,0.6352604160489131
x2,-0.6080999903512017
x1^2 x2,-0.595216924444122
x1 x3^6,-0.5394123908349053
x1^5 x3,0.534222325586936
x2^7,0.5339921819150554
x2^2 x3^5,0.5220003358039943
x1^7,0.5163088017536048
x1^3,0.5035490218901263
x2^8,0.5001389025983394
x1 x3^4,-0.4806734395004319
x2^6,0.4576513740775288
x1^3 x3,0.45438814088100915
x1^2,-0.4491983653228888
x1^4 x2^2,0.4353030888367023
x1^2 x3^4,0.4320773724434899
x1^9,0.41491431902257214
x3^13,0.39586002723184555
x2^5 x3^2,0.38867602447770894
x1^4 x3^3,-0.383575609547606
x1^5 x2^2 x3,0.38189640586019535
x1^3 x2^3 x3^2,0.38111507703495734
x1 x2^6,-0.37556545865941154
x2^3 x3^2,0.3724690631736344
x1^2 x3^2,0.35598849098686747
x1^6,0.3491778014240171
x1^4 x2 x3^6,0.34652881092976545
x2^6 x3^7,-0.3464087852632356
x2^2 x3^4,-0.3432225480456485
x3^3,0.3368595803396683
x1^8 x2^2,0.3250690894487603
x1^2 x2 x3^6,0.324306395662274
x2^2 x3^2,-0.3232185303216873
x2^3 x3^10,-0.32301838614030176
x1^11 x2 x3,0.31693387672656737
x3,-0.31645858010619166
x1^13 x2,-0.3122015415199174
x1^6 x3^4,0.30948210980673746
x1 x2^4 x3,-0.3082719122536311
x3^4,-0.3081730498415314
x1^8 x2,0.30632671324276417
x1^3 x2^5 x3^2,0.3063046925306537
x1^7 x2^4 x3^3,-0.304168232639426
x2^11 x3,-0.3003641295881054
x1^2 x2^6,-0.29951051785376365
x1^5 x2^5 x3^3,-0.29786930532847095
x2^13 x3,-0.29390150656631964
x1^6 x2^2,0.281240667755786
x1^2 x2^2 x3,0.2752470876306263
x1^2 x3^11,-0.2751724174157743
x1^2 x2^3 x3^2,-0.27185022053489993
x2^7 x3^2,0.27163496945964194
x1^6 x2 x3,-0.27025131466953667
x1 x3^8,-0.2696878661331418
x1^10 x2^2,0.2663331775231408
x3^8,-0.2638375025060191
x2^11,0.2620878688972047
x1^3 x2,0.2609026132886396
x2^8 x3,-0.25686028964235263
x1^13 x3,-0.24956071105151043
x2^11 x3^2,0.24642224786945158
x1^4 x3^6,0.24599821323144958
x3^6,-0.2403916879568074
x1^5 x2^4 x3^3,-0.23965364087707972
x1 x2^4,-0.23896688140298605
x1^6 x2 x3^3,-0.2387352051384107
x2 x3^3,0.2372585657914297
x2^9 x3,-0.23704643875684467
x2^9 x3^2,0.2280457909814081
x1^3 x2^5,0.22612111664099332
x1^10 x2,0.22555066435890464
x1^7 x2^4,-0.2242423905493417
x1^6 x2^7,0.22240202668135467
x1^2 x2 x3^2,-0.2208038171571905
x1^4 x2,0.2150019612698305
x2^6 x3^4,-0.2143375797343446
x1 x2 x3^4,0.21191400467400046
x1^2 x3^9,-0.21035899831556062
x1^3 x3^11,0.20881463241143738
x1^9 x2^4,-0.20765218055488732
x2^13,0.2074038764994738
x1^4 x2^6,-0.20685034727769872
x1^3 x2^3,0.20330248434457113
x1^3 x2^2,-0.19972259543086818
x1^7 x2^2,-0.19924695074584306
x1^6 x2^7 x3,-0.1951686392486359
x1 x2^7 x3^3,-0.19452556378810903
x1^11,0.1928897235381122
x1^4 x2^3 x3^2,-0.1895834059430736
x1^6 x2^2 x3^6,0.18335446052547122
x1^8 x2^6,-0.18146662560036098
x1 x2^5 x3^3,-0.17439712617510894
x2^9,0.17245378748200238
x1 x2^10 x3^2,0.17160511204000092
x1 x2^4 x3^2,0.1711062924902297
x1 x3^3,-0.17059630048345523
x1^2 x2 x3,0.16911291818206756
x1 x2^8,-0.16775446852272052
x2^10,0.1675603970613503
x3^9,0.16688897920607473
x1^9 x2^2,-0.16664413897832542
x1^6 x2,0.1664333680643006
x1^8 x2^4 x3,-0.16519321051958707
x1 x2^3 x3,-0.16427172639516044
x1^9 x2 x3^3,0.16330104218901867
x1^7 x2^7,0.16311728994321945
x3^11,0.16138724134879567
x1^6 x3^6,0.16098309261074498
x1^5 x2^2,-0.1609161754924708
x2 x3^8,0.16086589822895758
x1^3 x2^7 x3^2,0.1603890004118269
x1^2 x2^8,-0.15849846612817622
x1 x2^7 x3^6,-0.15623418833454908
x1^6 x2 x3^6,0.15455879044540163
x2^2 x3^7,0.15395001002249384
x1^9 x2 x3,0.15379161922525436
x1 x2^9 x3,-0.14496535084269754
x1 x2^7 x3^5,-0.14178016524645648
x2 x3^13,0.1416761792276376
x1^7 x2^4 x3^2,-0.13887395302503489
x2^6 x3,-0.1386726743310628
x1^4 x2 x3^8,0.13623853710703926
x1^2 x2^4 x3^2,-0.13612324102736886
x1^6 x3^2,0.1356827238153848
x1^5 x3^9,0.1323724101646845
x1^3 x2 x3^10,0.13198847001840053
x2^8 x3^4,-0.1306503807440479
x2 x3,0.12883852702473542
x1^9 x2^5,0.1282029918661248
x1^2 x2 x3^8,0.12583710842948187
x1^6 x2^3 x3,-0.1258345038695107
x1 x2^13,0.1251205151277166
x1 x2^10 x3^3,0.12476058555224274
x1 x2^2 x3^8,-0.12428303769599616
x1 x2^2 x3,-0.12389535261587861
x1^5 x2^4,-0.12371048197415352
x1^5 x2^7,0.12365214422261685
x1 x2^2 x3^2,0.12276891815915662
x1^2 x2^3 x3,-0.11956224981102959
x1^9 x2^4 x3,-0.11920790818058377
x1^2 x2^4 x3^7,0.11789034737725375
x1^2 x2^5 x3,-0.11715207056528294
x2^10 x3^4,-0.11699312810981966
x1^2 x2^4 x3^5,0.11486278583501675
x1^8 x2^5,0.11452391752567465
x1 x2^3 x3^3,-0.11393108549550127
x1 x2^2 x3^10,-0.11372918107421687
x1^14,-0.1112897455759895
x2 x3^2,0.11090994513271075
x1^2 x2^9 x3,-0.10949319019462345
x1 x2^5 x3^8,-0.10688923860154895
x1^5 x2^7 x3,-0.10582975415321016
x2^4 x3^2,-0.10307480754749455
x1^10 x2^3,0.10298785691948081
x1^5 x2,0.10241252591909598
x1 x2^6 x3^2,0.10238062101980606
x1^2 x3^6,0.10166322828110538
x1^4 x2 x3^3,-0.10150384167373212
x1^8 x2 x3,-0.0994507461719019
x1 x2 x3^12,0.09934031054904867
x1^9 x3^2,0.09925619599611442
x1^2 x3,0.0991311401200741
x1^5 x2^3,0.09850176090136517
x1^11 x2,-0.09716563948218802
x1 x2^4 x3^8,-0.09560490663926445
x1^4 x2^3 x3,-0.0951767524589111
x1^2 x2^6 x3^3,0.09464689747051395
x1^3 x3^9,0.09311571516966123
x1^5 x2^3 x3^2,0.09227229588029535
x1^6 x2^2 x3^3,-0.09163529790897942
x1^10 x2^2 x3,-0.08885154324280783
x1^6 x2^6,-0.08870366845821365
x2^4 x3^4,-0.08812611635780095
x1 x2^6 x3,-0.08583371598957418
x1^12 x2^2,0.08567166359707684
x1^2 x2^9 x3^2,-0.08445066951952569
x3^10,-0.08343507354699971
x1^7 x2 x3^3,0.08317043747358639
x1^4 x2^2 x3,-0.08271825050092328
x1^11 x2^2,-0.07892776765050732
x2^3 x3,0.07841377674204456
x1^4 x2 x3^4,0.07792122179542332
x1^5 x2 x3,0.07127893795955904
x1^2 x2 x3^10,0.0708553951085893
x1^6 x2^2 x3,-0.07002822270475277
x1 x2^3 x3^8,-0.0689832408188458
x1^3 x2^9,0.06700652173393157
x1^4 x2^2 x3^6,0.06663074718856278
x1^8 x2^2 x3,-0.0663503657922701
x1 x2^2 x3^5,-0.06619335713161043
x1^2 x2^10,-0.06600118000916554
x1 x2^3 x3^6,-0.06443888799469152
x1^2 x2^2 x3^8,0.06263596585001965
x2 x3^11,0.05998896303929503
x1^8 x2^3,0.05984686202523627
x2^4 x3^3,0.05955689419159287
x1^2 x2^4 x3^8,0.05660764072019224
x1 x2^3 x3^5,-0.05626509864380487
x1 x2^7 x3,-0.056249942330447465
x1 x2^5 x3^5,-0.05538129067365757
x1^5 x2 x3^8,0.05477812478092843
x2^3 x3^8,-0.05362928675254123
x1^2 x2^2 x3^9,0.052609773824193344
x1^2 x2^5 x3^6,-0.05175462548955757
x1^12 x2,0.05125608733856312
x1 x2^8 x3^2,0.048881265517099995
x1^5 x2^9,0.04856212868789583
x1 x2^10,-0.04855304007893197
x2^5 x3^8,-0.04622553633180282
x2^6 x3^2,-0.045493011302707234
x1 x2^5 x3,-0.04407775308746259
x1^4 x3^8,0.04345144360689442
x1^4 x2^8,-0.04304562570147764
x1^6 x2^4 x3,-0.042760046195826615
x1^9 x3^4,0.041650057128243045
x1^8 x2 x3^3,-0.04093670470177971
x1^11 x3^2,0.04078630143442882
x1^8 x2^2 x3^3,-0.03869946597047712
x2^9 x3^3,0.03746501228410363
x1^5 x2 x3^3,0.03719487542283912
x2^11 x3^3,0.03454809354057239
x1^2 x2^11 x3,-0.034325153727873224
x2^12,0.033987591536734335
x1^4 x2 x3^2,-0.03382273002873941
x1^2 x2^7 x3^2,-0.032877057769826495
x1^2 x2^4,-0.0319533019611994
x1^7 x2^2 x3,0.03097966741563167
x2^8 x3^6,-0.030770301825124097
x1^2 x2^10 x3,0.03018433681826812
x1^3 x2^11,0.02917575723077158
x1^2 x2^2,-0.028803135843103077
x3^7,0.02733013852191124
x1^7 x2 x3,0.02541951001110376
x1^4 x2^4 x3^6,0.02341854498908905
x1^6 x3^8,0.023394940291023902
x1^13,0.021845486685695463
x1^6 x2^5 x3^2,-0.021813153589211588
x1 x2^12,-0.02159499033382062
x3^5,0.02042218528303376
x1 x2^11,0.02004509894825604
x1 x2^5 x3^6,-0.019339310967141372
x1 x2^2 x3^3,-0.019298132132548197
x1 x2^2,-0.01917934557810935
x1^3 x2^9 x3^2,0.018894441233149227
x1^4 x2^2 x3^8,0.01820874519542623
x1^6 x2 x3^5,-0.018074544052842517
x1^2 x2^3 x3^9,-0.017295563457784487
x1^7 x2^3 x3^3,-0.01724410292232014
x1 x3^10,-0.01713395719182956
x1^3 x2^5 x3^3,-0.017123125339169633
x1^2 x2^3,0.01579679904395521
x1^5 x2^4 x3^5,-0.015419253944960196
x1^5 x2^5 x3^2,0.013981405265282488
x1 x2^3,-0.012672204126574927
x1^6 x2^5 x3,-0.010871915620575934
x1 x2^9 x3^3,-0.009902990215893706
x1^3 x2^7,0.009406024569069606
x1^5 x3^5,0.009388992865659234
x1^10 x2^4,-0.008818758344736754
x1^5,0.008701966844490691
x1^7 x2^6,-0.00857877982382288
x1 x2^4 x3^3,-0.008429257200868285
x1 x2^3 x3^7,-0.0080119783308132
x1 x2 x3^10,0.007867712924683141
x2^2 x3^11,0.0076179121020424085
x1^3 x2^4,-0.007560320912894358
x1 x2^9 x3^2,0.007144818875284607
x1^7 x2^6 x3,-0.006795072640144662
x1^2 x2^12,-0.006523623042856102
x1^12 x3^2,-0.006350293154579393
x2^6 x3^8,-0.005899707262176254
x1^5 x2^5,0.005868011610929725
x1^3 x2^2 x3^8,-0.00512168794863764
x1^2 x2^3 x3^7,-0.0044498404143246155
x1^5 x2^6 x3^3,-0.004403335947575495
x1^6 x2^3,0.003776520647724574
x1^2 x2^6 x3^6,0.0035579018564341042
x1^2 x2^3 x3^5,-0.0026859375736709183
x1^7 x2^5,0.002346091574299095
x1^4 x2^6 x3^4,0.0022175228850743424
x1^2 x2^7 x3,-0.0018172536122883973
x1^2 x2^6 x3^5,0.0017001937651893765
x1^4 x2^8 x3^2,0.001188009137176905
x2^7 x3,-0.0011353126489936378
x1^4 x2^7 x3,-0.0009590622532996158
x1^2 x3^7,-0.0008282733436823487
x1^7 x3^2,0.0005597228331817298
x1^4 x2^5 x3^2,-0.0002199361573607611
x1^6 x2^8,-0.00013076585701196942
x1^2 x2 x3^11,0.0
x1^2 x3^12,0.0
x1 x2^12 x3,0.0
x1 x2^11 x3^2,0.0
x1 x2^9 x3^4,-0.0
x1^9 x3,-0.0
x1^8 x3^2,0.0
x1 x2 x3^3,-0.0
x2^4 x3,-0.0
x2^2 x3,-0.0
x1^4,-0.0
x1 x3^13,0.0
x2^14,0.0
x2^12 x3^2,-0.0
x2^9 x3^5,0.0
x2^7 x3^7,0.0
x2^5 x3^9,0.0
x2^4 x3^10,-0.0
x2^3 x3^11,-0.0
x2^3,-0.0
x1 x2^6 x3^7,0.0
x1^5 x2^3 x3,0.0
x1^5 x2^2 x3^2,0.0
x1^5 x3^4,0.0
x1^4 x2^5,0.0
x1^4 x2^4 x3,-0.0
x2^5 x3^5,0.0
x2^4 x3^6,-0.0
x2^3 x3^7,-0.0
x2^2 x3^8,-0.0
x2 x3^9,0.0
x1^10 x3,0.0
x1^8 x2 x3^2,-0.0
x1^8 x3^3,-0.0
x1^7 x2^3 x3,0.0
x1^7 x2^2 x3^2,-0.0
x1^7 x3^4,0.0
x1^6 x2^5,0.0
x1^6 x2^3 x3^2,-0.0
x1^6 x2 x3^4,0.0
x1^6 x3^5,-0.0
x1^5 x2^6,-0.0
x1^5 x2^5 x3,-0.0
x1^5 x2^4 x3^2,-0.0
x1^5 x2^3 x3^3,-0.0
x1^5 x2^2 x3^4,0.0
x1^5 x2 x3^5,0.0
x1^5 x3^6,0.0
x1^4 x2^7,0.0
x1^4 x2^6 x3,-0.0
x1^4 x2^4 x3^3,-0.0
x1^4 x2^3 x3^4,-0.0
x1^4 x2^2 x3^5,-0.0
x1^4 x3^7,-0.0
x1^3 x2^8,-0.0
x1^3 x2^7 x3,0.0
x1^3 x2^6 x3^2,0.0
x1^3 x2^4 x3^4,0.0
x1 x2^3 x3^4,-0.0
x1 x2 x3^6,0.0
x1 x3^7,-0.0
x2^5 x3^3,-0.0
x2^3 x3^5,-0.0
x2^2 x3^6,-0.0
x2 x3^7,0.0
x1^3 x2^3 x3^5,-0.0
x1^3 x2^2 x3^6,-0.0
x1^3 x2 x3^7,0.0
x1^3 x3^8,-0.0
x1^2 x2^9,0.0
x1^2 x2^8 x3,0.0
x1^2 x2^5 x3^4,-0.0
x1^2 x2^3 x3^6,-0.0
x1^2 x2^2 x3^7,0.0
x1 x2^6 x3^4,0.0
x1 x2^4 x3^6,-0.0
x1 x2 x3^9,-0.0
x2^10 x3,-0.0
x2^8 x3^3,0.0
x2^7 x3^4,0.0
x2^6 x3^5,-0.0
x2^5 x3^6,-0.0
x2^4 x3^7,-0.0
x2^2 x3^9,0.0
x1 x2^7 x3^2,0.0
x1 x2^6 x3^3,-0.0
x1 x2^5 x3^4,-0.0
x1 x2^4 x3^5,-0.0
x1 x2^2 x3^7,-0.0
x1 x2 x3^8,0.0
x1 x3^9,-0.0
x2^8 x3^2,-0.0
x2^7 x3^3,0.0
x1^8 x3,-0.0
x1^6 x2 x3^2,-0.0
x1^6 x3^3,-0.0
x2 x3^10,0.0
x1^12,-0.0
x1^11 x3,-0.0
x1^10 x2 x3,-0.0
x1^10 x3^2,-0.0
x1^9 x2^3,0.0
x1^9 x2^2 x3,0.0
x1^9 x2 x3^2,0.0
x1^9 x3^3,-0.0
x1^8 x2^4,-0.0
x1^8 x2^3 x3,-0.0
x1^8 x2^2 x3^2,0.0
x1^8 x3^4,0.0
x1^7 x2^4 x3,-0.0
x1^7 x2^3 x3^2,0.0
x1^7 x2^2 x3^3,0.0
x1^7 x2 x3^4,0.0
x1^7 x3^5,0.0
x1^6 x2^4 x3^2,0.0
x1^6 x2^3 x3^3,-0.0
x1^6 x2^2 x3^4,0.0
x1^3 x2^4 x3,-0.0
x1^3 x2^2 x3^3,0.0
x1^3 x2 x3^4,0.0
x1^3 x3^5,0.0
x1^2 x2^3 x3^3,-0.0
x1^2 x2^2 x3^4,-0.0
x1^2 x2 x3^5,-0.0
x1 x2^7,0.0
x1 x2^5 x3^2,0.0
x1^5 x2^6 x3,-0.0
x1^5 x2^3 x3^4,0.0
x1^5 x2^2 x3^5,0.0
x1^5 x2 x3^6,0.0
x1^5 x3^7,0.0
x1^4 x2^6 x3^2,0.0
x1^4 x2^5 x3^3,-0.0
x1^4 x2^4 x3^4,0.0
x1^4 x2^3 x3^5,-0.0
x1^4 x2 x3^7,-0.0
x1^3 x2^8 x3,-0.0
x1^3 x2^6 x3^3,-0.0
x1^3 x2^5 x3^4,0.0
x1^3 x2^4 x3^5,-0.0
x1^3 x2^3 x3^6,-0.0
x1^3 x2^2 x3^7,0.0
x1^3 x2 x3^8,0.0
x1^2 x2^8 x3^2,0.0
x1^2 x2^7 x3^3,0.0
x1^2 x2^6 x3^4,0.0
x1^2 x2^5 x3^5,-0.0
x1^2 x2^4 x3^6,0.0
x1^3 x2^6 x3,-0.0
x1^3 x2^4 x3^3,-0.0
x1^3 x2^3 x3^4,0.0
x1^3 x2^2 x3^5,0.0
x1^3 x2 x3^6,0.0
x1^3 x3^7,0.0
x1^2 x2^6 x3^2,-0.0
x1^2 x2^5 x3^3,-0.0
x1^2 x2^4 x3^4,-0.0
x1^2 x2^2 x3^6,0.0
x1^2 x2 x3^7,-0.0
x1^2 x3^8,0.0
x1 x2^9,0.0
x1 x2^8 x3,-0.0
x1^2 x2 x3^9,-0.0
x1^2 x3^10,0.0
x1 x2^10 x3,0.0
x1 x2^8 x3^3,0.0
x1 x2^7 x3^4,-0.0
x1 x2^6 x3^5,0.0
x1 x2^4 x3^7,-0.0
x1 x2^2 x3^9,-0.0
x1 x3^11,0.0
x2^10 x3^2,-0.0
x2^7 x3^5,0.0
x2^6 x3^6,-0.0
x2^5 x3^7,0.0
x2^4 x3^8,-0.0
x2^3 x3^9,-0.0
x2^2 x3^10,-0.0
x3^12,-0.0
x1^8,0.0
x1^7 x2,0.0
x1^7 x3,0.0
x1^5 x2 x3^2,0.0
x1^5 x3^3,0.0
x1^4 x2^4,-0.0
x1^4 x2^2 x3^2,0.0
x1^12 x3,0.0
x1^10 x2 x3^2,0.0
x1^10 x3^3,-0.0
x1^9 x2^3 x3,0.0
x1^9 x2^2 x3^2,-0.0
x1^2 x2 x3^4,0.0
x1^2 x3^5,-0.0
x1 x2^2 x3^4,0.0
x1 x2 x3^5,-0.0
x1^2 x2^5 x3^2,-0.0
x1^2 x2^4 x3^3,0.0
x1^2 x2^3 x3^4,0.0
x1^2 x2^2 x3^5,0.0
x1^6 x2^2 x3^2,0.0
x1^5 x2^4 x3,-0.0
x1^5 x2^2 x3^3,0.0
x1^5 x2 x3^4,0.0
x1^4 x2^5 x3,-0.0
x1^4 x2^4 x3^2,-0.0
x1^4 x2^3 x3^3,-0.0
x1^4 x2^2 x3^4,0.0
x1^4 x2 x3^5,-0.0
x2^3 x3^4,0.0
x1^8 x2^3 x3^2,-0.0
x1^8 x2 x3^4,0.0
x1^8 x3^5,0.0
x1^7 x2^5 x3,-0.0
x1^7 x2^2 x3^4,-0.0
x1^7 x2 x3^5,0.0
x1^7 x3^6,0.0
x1^6 x2^6 x3,-0.0
x1^6 x2^4 x3^3,-0.0
x1^6 x2^3 x3^4,-0.0
x1^6 x2^2 x3^5,-0.0
x1^6 x3^7,0.0
x1^5 x2^8,-0.0
x1^5 x2^6 x3^2,-0.0
x1^5 x2^4 x3^4,-0.0
x1^5 x2^3 x3^5,-0.0
x1^5 x2^2 x3^6,-0.0
x1^5 x2 x3^7,0.0
x1^5 x3^8,-0.0
x1^4 x2^9,0.0
x1^4 x2^8 x3,-0.0
x1^4 x2^7 x3^2,-0.0
x1^4 x2^6 x3^3,-0.0
x1^4 x2^5 x3^4,-0.0
x1^4 x2^4 x3^5,-0.0
x1^4 x2^3 x3^6,-0.0
x1^4 x2^2 x3^7,0.0
x1^4 x3^9,-0.0
x1^3 x2^10,-0.0
x1^3 x2^9 x3,0.0
x1^3 x2^8 x3^2,0.0
x1^3 x2^7 x3^3,-0.0
x1^3 x2^6 x3^4,0.0
x1^3 x2^5 x3^5,-0.0
x1^3 x2^4 x3^6,-0.0
x1^3 x2^3 x3^7,-0.0
x1^3 x2 x3^9,0.0
x1^3 x3^10,-0.0
x1^2 x2^11,-0.0
x1^2 x2^8 x3^3,0.0
x1^2 x2^7 x3^4,-0.0
x1 x2^4 x3^9,0.0
x1^2 x2^3 x3^8,-0.0
x1 x2^11 x3,-0.0
x1^5 x3^2,0.0
x1^4 x2^3,0.0
x1^3 x2^3 x3,0.0
x1^3 x2^2 x3^2,0.0
x1^3 x2 x3^3,0.0
x1^3 x3^4,-0.0
x1^2 x2^5,0.0
x1^2 x2^4 x3,0.0
x1^2 x2^2 x3^3,0.0
x1 x2^8 x3^4,0.0
x1 x2^6 x3^6,-0.0
x1 x2^5 x3^7,-0.0
x1 x2^3 x3^9,-0.0
x1 x2 x3^11,-0.0
x1 x3^12,-0.0
x2^12 x3,-0.0
x2^10 x3^3,0.0
x2^9 x3^4,0.0
x1 x2^5,-0.0
x1 x2^3 x3^2,0.0
x1 x3^5,-0.0
x2^5 x3,-0.0
x2^3 x3^3,0.0
x2 x3^5,0.0
x1^6 x3,0.0
x2^8 x3^5,-0.0
x2^7 x3^6,-0.0
x2^4 x3^9,-0.0
x2 x3^12,0.0
x1^12 x2 x3,-0.0
x1^11 x2^3,0.0
x1^11 x2^2 x3,0.0
x1^11 x2 x3^2,0.0
x1^11 x3^3,-0.0
x1^7 x2^3,0.0
x1^7 x2 x3^2,0.0
x1^7 x3^3,0.0
x1^6 x2^4,-0.0
x1^4 x2^2 x3^3,-0.0
x1^4 x3^5,-0.0
x1^3 x2^6,-0.0
x1^3 x2^5 x3,0.0
x1^3 x2^4 x3^2,0.0
x1^3 x2^3 x3^3,0.0
x1^3 x2^2 x3^4,0.0
x1^3 x2 x3^5,0.0
x1^3 x3^6,-0.0
x1^2 x2^7,0.0
x1^2 x2^6 x3,0.0
x1^10 x2^3 x3,-0.0
x1^10 x2^2 x3^2,0.0
x1^10 x2 x3^3,-0.0
x1^10 x3^4,-0.0
x1^9 x2^3 x3^2,0.0
x1^9 x2^2 x3^3,0.0
x1^9 x2 x3^4,0.0
x1^9 x3^5,-0.0
x1^8 x2^5 x3,-0.0
x1^4 x2 x3,0.0
x1^3 x2^2 x3,0.0
x1^3 x2 x3^2,0.0
x1^3 x3^3,0.0
x1^2 x2^2 x3^2,-0.0
x1^2 x2 x3^3,-0.0
x1^8 x2^4 x3^2,0.0
x1^8 x2^3 x3^3,-0.0
x1^8 x2^2 x3^4,0.0
x1^8 x2 x3^5,-0.0
x1^8 x3^6,0.0
x1^7 x2^5 x3^2,0.0
x1^7 x2^3 x3^4,-0.0
x1^7 x2^2 x3^5,0.0
x1^7 x2 x3^6,0.0
x1^7 x3^7,0.0
x1 x2 x3^2,0.0
x1^6 x2^6 x3^2,0.0
x1^6 x2^5 x3^3,-0.0
x1^6 x2^4 x3^4,0.0
x1^6 x2^3 x3^5,-0.0
x1^6 x2 x3^7,-0.0
x1^5 x2^8 x3,-0.0
x1^5 x2^7 x3^2,0.0
x2^2,0.0
x1^5 x2^5 x3^4,-0.0
x1^5 x2^3 x3^6,-0.0
x1^5 x2^2 x3^7,0.0
x1^4 x2^10,-0.0
x1^4 x2^9 x3,-0.0
x3^2,0.0
x1^4 x2^7 x3^3,0.0
x1 x3,0.0
x1^4 x2^5 x3^5,-0.0
x1^4 x2^3 x3^7,-0.0
x1^4 x2 x3^9,-0.0
x1^4 x3^10,0.0
x1^3 x2^10 x3,0.0
x1 x2^8 x3^5,0.0
x1 x2^3 x3^10,-0.0
x2^2 x3^12,-0.0
x1^3 x2^6 x3^5,-0.0
x1 x3^2,-0.0
x1^3 x2^5 x3^6,-0.0
x1^3 x2^4 x3^7,-0.0
x1^3 x2^3 x3^8,-0.0
x1^3 x2^2 x3^9,0.0
x1^2 x2^10 x3^2,0.0
x1^2 x2^9 x3^3,0.0
x1^2 x2^8 x3^4,0.0
x1^2 x2^7 x3^5,0.0
x1^4 x3,0.0
x1^2 x2^5 x3^7,-0.0
x3^14,-0.0
x1^3 x2^8 x3^3,-0.0
x1^3 x2^7 x3^4,0.0
x1^3 x3^2,-0.0
x1^2 x3^3,0.0
x1 x2^2 x3^11,-0.0
x1 x2 x3,-0.0
x1^2 x2^2 x3^10,0.0
x1 x2^4 x3^4,0.0
x1 x2^2 x3^6,-0.0
x1 x2 x3^7,-0.0
x2^6 x3^3,-0.0
x2^5 x3^4,-0.0
x2^4 x3^5,0.0
x2^3 x3^6,-0.0
x1^10,-0.0
x1^9 x2,-0.0
