degree,non_bias_terms,ols_cv_rmse,ols_cond_number,best_ridge_lambda2,ridge_cv_rmse,ridge_cv_se,best_lasso_lambda1,lasso_cv_rmse,lasso_cv_se
1,3,5.6387,1.00e+00,0.01,5.6385,0.198,0.0005,5.6387,0.1979
2,9,4.6146,3.52e+00,0.01,4.6144,0.1314,0.0005,4.6146,0.1299
3,19,3.3191,8.47e+00,0.001,3.319,0.1043,0.005,3.3189,0.1045
4,34,1.9059,2.21e+01,0.0005,1.9057,0.0494,0.0005,1.906,0.0494
5,55,1.1322,5.68e+01,0.0001,1.1319,0.0297,0.001,1.1312,0.0299
6,83,0.7318,1.49e+02,5e-05,0.7315,0.0265,0.0005,0.7318,0.0273
7,119,0.5442,6.16e+02,5e-05,0.542,0.0133,0.0005,0.5495,0.0137
8,164,0.5081,1.31e+03,0.0001,0.5041,0.0097,0.0005,0.514,0.01
9,219,0.515,4.76e+03,0.0005,0.4903,0.0086,0.0005,0.4983,0.0088
10,285,0.5444,1.15e+04,0.001,0.4857,0.008,0.002,0.4926,0.0083
11,363,0.6279,4.31e+04,0.0015,0.481,0.0072,0.001,0.4857,0.0086
12,454,0.8939,1.02e+05,0.003,0.4807,0.007,0.002,0.48,0.0086
13,559,1.4615,4.02e+05,0.003,0.4805,0.0071,0.002,0.4803,0.0074
14,679,4.5226,1.29e+06,0.003,0.4815,0.0086,0.002,0.4776,0.008
15,815,34.5389,9.15e+06,0.003,0.4832,0.0086,0.002,0.478,0.0077
